NOTE: Picked up JDK_JAVA_OPTIONS:  --add-opens=java.base/java.lang=ALL-UNNAMED --add-opens=java.base/java.lang.invoke=ALL-UNNAMED --add-opens=java.base/java.lang.reflect=ALL-UNNAMED --add-opens=java.base/java.io=ALL-UNNAMED --add-opens=java.base/java.util=ALL-UNNAMED --add-opens=java.base/java.util.concurrent=ALL-UNNAMED --add-opens=java.rmi/sun.rmi.transport=ALL-UNNAMED
27-Jan-2026 19:02:37.103 INFO [main] org.apache.catalina.startup.VersionLoggerListener.log Server version name:   Apache Tomcat/9.0.115
27-Jan-2026 19:02:37.105 INFO [main] org.apache.catalina.startup.VersionLoggerListener.log Server built:          Jan 21 2026 08:17:26 UTC
27-Jan-2026 19:02:37.105 INFO [main] org.apache.catalina.startup.VersionLoggerListener.log Server version number: 9.0.115.0
27-Jan-2026 19:02:37.105 INFO [main] org.apache.catalina.startup.VersionLoggerListener.log OS Name:               Mac OS X
27-Jan-2026 19:02:37.106 INFO [main] org.apache.catalina.startup.VersionLoggerListener.log OS Version:            15.7.3
27-Jan-2026 19:02:37.106 INFO [main] org.apache.catalina.startup.VersionLoggerListener.log Architecture:          aarch64
27-Jan-2026 19:02:37.106 INFO [main] org.apache.catalina.startup.VersionLoggerListener.log Java Home:             /Library/Java/JavaVirtualMachines/jdk-23.jdk/Contents/Home
27-Jan-2026 19:02:37.106 INFO [main] org.apache.catalina.startup.VersionLoggerListener.log JVM Version:           23.0.2+7-58
27-Jan-2026 19:02:37.106 INFO [main] org.apache.catalina.startup.VersionLoggerListener.log JVM Vendor:            Oracle Corporation
27-Jan-2026 19:02:37.106 INFO [main] org.apache.catalina.startup.VersionLoggerListener.log CATALINA_BASE:         /Applications/tomcat
27-Jan-2026 19:02:37.106 INFO [main] org.apache.catalina.startup.VersionLoggerListener.log CATALINA_HOME:         /Applications/tomcat
27-Jan-2026 19:02:37.115 INFO [main] org.apache.catalina.startup.VersionLoggerListener.log Command line argument: --add-opens=java.base/java.lang=ALL-UNNAMED
27-Jan-2026 19:02:37.115 INFO [main] org.apache.catalina.startup.VersionLoggerListener.log Command line argument: --add-opens=java.base/java.lang.invoke=ALL-UNNAMED
27-Jan-2026 19:02:37.115 INFO [main] org.apache.catalina.startup.VersionLoggerListener.log Command line argument: --add-opens=java.base/java.lang.reflect=ALL-UNNAMED
27-Jan-2026 19:02:37.115 INFO [main] org.apache.catalina.startup.VersionLoggerListener.log Command line argument: --add-opens=java.base/java.io=ALL-UNNAMED
27-Jan-2026 19:02:37.115 INFO [main] org.apache.catalina.startup.VersionLoggerListener.log Command line argument: --add-opens=java.base/java.util=ALL-UNNAMED
27-Jan-2026 19:02:37.115 INFO [main] org.apache.catalina.startup.VersionLoggerListener.log Command line argument: --add-opens=java.base/java.util.concurrent=ALL-UNNAMED
27-Jan-2026 19:02:37.115 INFO [main] org.apache.catalina.startup.VersionLoggerListener.log Command line argument: --add-opens=java.rmi/sun.rmi.transport=ALL-UNNAMED
27-Jan-2026 19:02:37.115 INFO [main] org.apache.catalina.startup.VersionLoggerListener.log Command line argument: -Djava.util.logging.config.file=/Applications/tomcat/conf/logging.properties
27-Jan-2026 19:02:37.115 INFO [main] org.apache.catalina.startup.VersionLoggerListener.log Command line argument: -Djava.util.logging.manager=org.apache.juli.ClassLoaderLogManager
27-Jan-2026 19:02:37.115 INFO [main] org.apache.catalina.startup.VersionLoggerListener.log Command line argument: -Djdk.tls.ephemeralDHKeySize=2048
27-Jan-2026 19:02:37.115 INFO [main] org.apache.catalina.startup.VersionLoggerListener.log Command line argument: -Djava.protocol.handler.pkgs=org.apache.catalina.webresources
27-Jan-2026 19:02:37.115 INFO [main] org.apache.catalina.startup.VersionLoggerListener.log Command line argument: -Dsun.io.useCanonCaches=false
27-Jan-2026 19:02:37.115 INFO [main] org.apache.catalina.startup.VersionLoggerListener.log Command line argument: -Dorg.apache.catalina.security.SecurityListener.UMASK=0027
27-Jan-2026 19:02:37.115 INFO [main] org.apache.catalina.startup.VersionLoggerListener.log Command line argument: -Dignore.endorsed.dirs=
27-Jan-2026 19:02:37.115 INFO [main] org.apache.catalina.startup.VersionLoggerListener.log Command line argument: -Dcatalina.base=/Applications/tomcat
27-Jan-2026 19:02:37.115 INFO [main] org.apache.catalina.startup.VersionLoggerListener.log Command line argument: -Dcatalina.home=/Applications/tomcat
27-Jan-2026 19:02:37.115 INFO [main] org.apache.catalina.startup.VersionLoggerListener.log Command line argument: -Djava.io.tmpdir=/Applications/tomcat/temp
27-Jan-2026 19:02:37.121 INFO [main] org.apache.catalina.core.AprLifecycleListener.lifecycleEvent The Apache Tomcat Native library which allows using OpenSSL was not found on the java.library.path: [/Users/jessemendoza/Library/Java/Extensions:/Library/Java/Extensions:/Network/Library/Java/Extensions:/System/Library/Java/Extensions:/usr/lib/java:.]
27-Jan-2026 19:02:37.245 INFO [main] org.apache.coyote.AbstractProtocol.init Initializing ProtocolHandler ["http-nio-8080"]
27-Jan-2026 19:02:37.259 INFO [main] org.apache.catalina.startup.Catalina.load Server initialization in [230] milliseconds
27-Jan-2026 19:02:37.273 INFO [main] org.apache.catalina.core.StandardService.startInternal Starting service [Catalina]
27-Jan-2026 19:02:37.273 INFO [main] org.apache.catalina.core.StandardEngine.startInternal Starting Servlet engine: [Apache Tomcat/9.0.115]
27-Jan-2026 19:02:37.275 INFO [main] org.apache.catalina.startup.HostConfig.deployDirectory Deploying web application directory [/Applications/tomcat/webapps/docs]
27-Jan-2026 19:02:37.373 INFO [main] org.apache.catalina.startup.HostConfig.deployDirectory Deployment of web application directory [/Applications/tomcat/webapps/docs] has finished in [98] ms
27-Jan-2026 19:02:37.373 INFO [main] org.apache.catalina.startup.HostConfig.deployDirectory Deploying web application directory [/Applications/tomcat/webapps/manager]
27-Jan-2026 19:02:37.384 INFO [main] org.apache.catalina.startup.HostConfig.deployDirectory Deployment of web application directory [/Applications/tomcat/webapps/manager] has finished in [11] ms
27-Jan-2026 19:02:37.384 INFO [main] org.apache.catalina.startup.HostConfig.deployDirectory Deploying web application directory [/Applications/tomcat/webapps/examples]
27-Jan-2026 19:02:37.455 INFO [main] org.apache.catalina.startup.HostConfig.deployDirectory Deployment of web application directory [/Applications/tomcat/webapps/examples] has finished in [71] ms
27-Jan-2026 19:02:37.455 INFO [main] org.apache.catalina.startup.HostConfig.deployDirectory Deploying web application directory [/Applications/tomcat/webapps/ROOT]
27-Jan-2026 19:02:37.460 INFO [main] org.apache.catalina.startup.HostConfig.deployDirectory Deployment of web application directory [/Applications/tomcat/webapps/ROOT] has finished in [5] ms
27-Jan-2026 19:02:37.460 INFO [main] org.apache.catalina.startup.HostConfig.deployDirectory Deploying web application directory [/Applications/tomcat/webapps/host-manager]
27-Jan-2026 19:02:37.466 INFO [main] org.apache.catalina.startup.HostConfig.deployDirectory Deployment of web application directory [/Applications/tomcat/webapps/host-manager] has finished in [6] ms
27-Jan-2026 19:02:37.467 INFO [main] org.apache.coyote.AbstractProtocol.start Starting ProtocolHandler ["http-nio-8080"]
27-Jan-2026 19:02:37.471 INFO [main] org.apache.catalina.startup.Catalina.start Server startup in [211] milliseconds
29-Jan-2026 18:26:57.912 INFO [main] org.apache.catalina.core.StandardServer.await A valid shutdown command was received via the shutdown port. Stopping the Server instance.
29-Jan-2026 18:26:57.915 INFO [main] org.apache.coyote.AbstractProtocol.pause Pausing ProtocolHandler ["http-nio-8080"]
29-Jan-2026 18:26:57.924 INFO [main] org.apache.catalina.core.StandardService.stopInternal Stopping service [Catalina]
29-Jan-2026 18:26:57.942 INFO [main] org.apache.coyote.AbstractProtocol.stop Stopping ProtocolHandler ["http-nio-8080"]
29-Jan-2026 18:26:57.949 INFO [main] org.apache.coyote.AbstractProtocol.destroy Destroying ProtocolHandler ["http-nio-8080"]
NOTE: Picked up JDK_JAVA_OPTIONS:  --add-opens=java.base/java.lang=ALL-UNNAMED --add-opens=java.base/java.lang.invoke=ALL-UNNAMED --add-opens=java.base/java.lang.reflect=ALL-UNNAMED --add-opens=java.base/java.io=ALL-UNNAMED --add-opens=java.base/java.util=ALL-UNNAMED --add-opens=java.base/java.util.concurrent=ALL-UNNAMED --add-opens=java.rmi/sun.rmi.transport=ALL-UNNAMED
29-Jan-2026 18:27:02.539 INFO [main] org.apache.catalina.startup.VersionLoggerListener.log Server version name:   Apache Tomcat/9.0.115
29-Jan-2026 18:27:02.541 INFO [main] org.apache.catalina.startup.VersionLoggerListener.log Server built:          Jan 21 2026 08:17:26 UTC
29-Jan-2026 18:27:02.541 INFO [main] org.apache.catalina.startup.VersionLoggerListener.log Server version number: 9.0.115.0
29-Jan-2026 18:27:02.541 INFO [main] org.apache.catalina.startup.VersionLoggerListener.log OS Name:               Mac OS X
29-Jan-2026 18:27:02.541 INFO [main] org.apache.catalina.startup.VersionLoggerListener.log OS Version:            15.7.3
29-Jan-2026 18:27:02.541 INFO [main] org.apache.catalina.startup.VersionLoggerListener.log Architecture:          aarch64
29-Jan-2026 18:27:02.541 INFO [main] org.apache.catalina.startup.VersionLoggerListener.log Java Home:             /Library/Java/JavaVirtualMachines/jdk-23.jdk/Contents/Home
29-Jan-2026 18:27:02.541 INFO [main] org.apache.catalina.startup.VersionLoggerListener.log JVM Version:           23.0.2+7-58
29-Jan-2026 18:27:02.541 INFO [main] org.apache.catalina.startup.VersionLoggerListener.log JVM Vendor:            Oracle Corporation
29-Jan-2026 18:27:02.541 INFO [main] org.apache.catalina.startup.VersionLoggerListener.log CATALINA_BASE:         /Applications/tomcat
29-Jan-2026 18:27:02.541 INFO [main] org.apache.catalina.startup.VersionLoggerListener.log CATALINA_HOME:         /Applications/tomcat
29-Jan-2026 18:27:02.547 INFO [main] org.apache.catalina.startup.VersionLoggerListener.log Command line argument: --add-opens=java.base/java.lang=ALL-UNNAMED
29-Jan-2026 18:27:02.547 INFO [main] org.apache.catalina.startup.VersionLoggerListener.log Command line argument: --add-opens=java.base/java.lang.invoke=ALL-UNNAMED
29-Jan-2026 18:27:02.547 INFO [main] org.apache.catalina.startup.VersionLoggerListener.log Command line argument: --add-opens=java.base/java.lang.reflect=ALL-UNNAMED
29-Jan-2026 18:27:02.547 INFO [main] org.apache.catalina.startup.VersionLoggerListener.log Command line argument: --add-opens=java.base/java.io=ALL-UNNAMED
29-Jan-2026 18:27:02.547 INFO [main] org.apache.catalina.startup.VersionLoggerListener.log Command line argument: --add-opens=java.base/java.util=ALL-UNNAMED
29-Jan-2026 18:27:02.548 INFO [main] org.apache.catalina.startup.VersionLoggerListener.log Command line argument: --add-opens=java.base/java.util.concurrent=ALL-UNNAMED
29-Jan-2026 18:27:02.548 INFO [main] org.apache.catalina.startup.VersionLoggerListener.log Command line argument: --add-opens=java.rmi/sun.rmi.transport=ALL-UNNAMED
29-Jan-2026 18:27:02.548 INFO [main] org.apache.catalina.startup.VersionLoggerListener.log Command line argument: -Djava.util.logging.config.file=/Applications/tomcat/conf/logging.properties
29-Jan-2026 18:27:02.548 INFO [main] org.apache.catalina.startup.VersionLoggerListener.log Command line argument: -Djava.util.logging.manager=org.apache.juli.ClassLoaderLogManager
29-Jan-2026 18:27:02.548 INFO [main] org.apache.catalina.startup.VersionLoggerListener.log Command line argument: -Djdk.tls.ephemeralDHKeySize=2048
29-Jan-2026 18:27:02.548 INFO [main] org.apache.catalina.startup.VersionLoggerListener.log Command line argument: -Djava.protocol.handler.pkgs=org.apache.catalina.webresources
29-Jan-2026 18:27:02.548 INFO [main] org.apache.catalina.startup.VersionLoggerListener.log Command line argument: -Dsun.io.useCanonCaches=false
29-Jan-2026 18:27:02.548 INFO [main] org.apache.catalina.startup.VersionLoggerListener.log Command line argument: -Dorg.apache.catalina.security.SecurityListener.UMASK=0027
29-Jan-2026 18:27:02.548 INFO [main] org.apache.catalina.startup.VersionLoggerListener.log Command line argument: -Dignore.endorsed.dirs=
29-Jan-2026 18:27:02.548 INFO [main] org.apache.catalina.startup.VersionLoggerListener.log Command line argument: -Dcatalina.base=/Applications/tomcat
29-Jan-2026 18:27:02.548 INFO [main] org.apache.catalina.startup.VersionLoggerListener.log Command line argument: -Dcatalina.home=/Applications/tomcat
29-Jan-2026 18:27:02.548 INFO [main] org.apache.catalina.startup.VersionLoggerListener.log Command line argument: -Djava.io.tmpdir=/Applications/tomcat/temp
29-Jan-2026 18:27:02.552 INFO [main] org.apache.catalina.core.AprLifecycleListener.lifecycleEvent The Apache Tomcat Native library which allows using OpenSSL was not found on the java.library.path: [/Users/jessemendoza/Library/Java/Extensions:/Library/Java/Extensions:/Network/Library/Java/Extensions:/System/Library/Java/Extensions:/usr/lib/java:.]
29-Jan-2026 18:27:02.674 INFO [main] org.apache.coyote.AbstractProtocol.init Initializing ProtocolHandler ["http-nio-8080"]
29-Jan-2026 18:27:02.684 INFO [main] org.apache.catalina.startup.Catalina.load Server initialization in [208] milliseconds
29-Jan-2026 18:27:02.697 INFO [main] org.apache.catalina.core.StandardService.startInternal Starting service [Catalina]
29-Jan-2026 18:27:02.697 INFO [main] org.apache.catalina.core.StandardEngine.startInternal Starting Servlet engine: [Apache Tomcat/9.0.115]
29-Jan-2026 18:27:02.699 INFO [main] org.apache.catalina.startup.HostConfig.deployDirectory Deploying web application directory [/Applications/tomcat/webapps/docs]
29-Jan-2026 18:27:02.871 INFO [main] org.apache.jasper.servlet.TldScanner.scanJars At least one JAR was scanned for TLDs yet contained no TLDs. Enable debug logging for this logger for a complete list of JARs that were scanned but no TLDs were found in them. Skipping unneeded JARs during scanning can improve startup time and JSP compilation time.
29-Jan-2026 18:27:02.882 INFO [main] org.apache.catalina.startup.HostConfig.deployDirectory Deployment of web application directory [/Applications/tomcat/webapps/docs] has finished in [183] ms
29-Jan-2026 18:27:02.882 INFO [main] org.apache.catalina.startup.HostConfig.deployDirectory Deploying web application directory [/Applications/tomcat/webapps/manager]
29-Jan-2026 18:27:02.939 INFO [main] org.apache.jasper.servlet.TldScanner.scanJars At least one JAR was scanned for TLDs yet contained no TLDs. Enable debug logging for this logger for a complete list of JARs that were scanned but no TLDs were found in them. Skipping unneeded JARs during scanning can improve startup time and JSP compilation time.
29-Jan-2026 18:27:02.942 INFO [main] org.apache.catalina.startup.HostConfig.deployDirectory Deployment of web application directory [/Applications/tomcat/webapps/manager] has finished in [60] ms
29-Jan-2026 18:27:02.942 INFO [main] org.apache.catalina.startup.HostConfig.deployDirectory Deploying web application directory [/Applications/tomcat/webapps/examples]
29-Jan-2026 18:27:03.041 INFO [main] org.apache.jasper.servlet.TldScanner.scanJars At least one JAR was scanned for TLDs yet contained no TLDs. Enable debug logging for this logger for a complete list of JARs that were scanned but no TLDs were found in them. Skipping unneeded JARs during scanning can improve startup time and JSP compilation time.
29-Jan-2026 18:27:03.046 INFO [main] org.apache.catalina.startup.HostConfig.deployDirectory Deployment of web application directory [/Applications/tomcat/webapps/examples] has finished in [104] ms
29-Jan-2026 18:27:03.046 INFO [main] org.apache.catalina.startup.HostConfig.deployDirectory Deploying web application directory [/Applications/tomcat/webapps/ROOT]
29-Jan-2026 18:27:03.093 INFO [main] org.apache.jasper.servlet.TldScanner.scanJars At least one JAR was scanned for TLDs yet contained no TLDs. Enable debug logging for this logger for a complete list of JARs that were scanned but no TLDs were found in them. Skipping unneeded JARs during scanning can improve startup time and JSP compilation time.
29-Jan-2026 18:27:03.094 INFO [main] org.apache.catalina.startup.HostConfig.deployDirectory Deployment of web application directory [/Applications/tomcat/webapps/ROOT] has finished in [48] ms
29-Jan-2026 18:27:03.094 INFO [main] org.apache.catalina.startup.HostConfig.deployDirectory Deploying web application directory [/Applications/tomcat/webapps/host-manager]
29-Jan-2026 18:27:03.140 INFO [main] org.apache.jasper.servlet.TldScanner.scanJars At least one JAR was scanned for TLDs yet contained no TLDs. Enable debug logging for this logger for a complete list of JARs that were scanned but no TLDs were found in them. Skipping unneeded JARs during scanning can improve startup time and JSP compilation time.
29-Jan-2026 18:27:03.140 INFO [main] org.apache.catalina.startup.HostConfig.deployDirectory Deployment of web application directory [/Applications/tomcat/webapps/host-manager] has finished in [46] ms
29-Jan-2026 18:27:03.142 INFO [main] org.apache.coyote.AbstractProtocol.start Starting ProtocolHandler ["http-nio-8080"]
29-Jan-2026 18:27:03.145 INFO [main] org.apache.catalina.startup.Catalina.start Server startup in [460] milliseconds
05-Feb-2026 18:15:49.700 INFO [http-nio-8080-exec-8] org.apache.coyote.http11.Http11Processor.service Error parsing HTTP request header
 Note: further occurrences of HTTP request parsing errors will be logged at DEBUG level.
	java.lang.IllegalArgumentException: Invalid character found in method name [0x160x030x010x060xf20x010x000x060xee0x030x030xc8=0x830x1f0xfc0x130xa60xf40x140xfce0xc6H0x99R0xdd0xe60xc7zZ0xa90xd1e0xb8^0xee0x86?-0x92g0xf1 ]. HTTP method names must be tokens
		at org.apache.coyote.http11.Http11InputBuffer.parseRequestLine(Http11InputBuffer.java:402)
		at org.apache.coyote.http11.Http11Processor.service(Http11Processor.java:271)
		at org.apache.coyote.AbstractProcessorLight.process(AbstractProcessorLight.java:63)
		at org.apache.coyote.AbstractProtocol$ConnectionHandler.process(AbstractProtocol.java:939)
		at org.apache.tomcat.util.net.NioEndpoint$SocketProcessor.doRun(NioEndpoint.java:1832)
		at org.apache.tomcat.util.net.SocketProcessorBase.run(SocketProcessorBase.java:52)
		at org.apache.tomcat.util.threads.ThreadPoolExecutor.runWorker(ThreadPoolExecutor.java:973)
		at org.apache.tomcat.util.threads.ThreadPoolExecutor$Worker.run(ThreadPoolExecutor.java:491)
		at org.apache.tomcat.util.threads.TaskThread$WrappingRunnable.run(TaskThread.java:63)
		at java.base/java.lang.Thread.run(Thread.java:1575)
05-Feb-2026 18:15:49.700 INFO [http-nio-8080-exec-6] org.apache.coyote.http11.Http11Processor.service Error parsing HTTP request header
 Note: further occurrences of HTTP request parsing errors will be logged at DEBUG level.
	java.lang.IllegalArgumentException: Invalid character found in method name [0x160x030x010x060xb20x010x000x060xae0x030x030x9fa0x960x810xaa_N0xfcSC0xbf0xbd ]. HTTP method names must be tokens
		at org.apache.coyote.http11.Http11InputBuffer.parseRequestLine(Http11InputBuffer.java:402)
		at org.apache.coyote.http11.Http11Processor.service(Http11Processor.java:271)
		at org.apache.coyote.AbstractProcessorLight.process(AbstractProcessorLight.java:63)
		at org.apache.coyote.AbstractProtocol$ConnectionHandler.process(AbstractProtocol.java:939)
		at org.apache.tomcat.util.net.NioEndpoint$SocketProcessor.doRun(NioEndpoint.java:1832)
		at org.apache.tomcat.util.net.SocketProcessorBase.run(SocketProcessorBase.java:52)
		at org.apache.tomcat.util.threads.ThreadPoolExecutor.runWorker(ThreadPoolExecutor.java:973)
		at org.apache.tomcat.util.threads.ThreadPoolExecutor$Worker.run(ThreadPoolExecutor.java:491)
		at org.apache.tomcat.util.threads.TaskThread$WrappingRunnable.run(TaskThread.java:63)
		at java.base/java.lang.Thread.run(Thread.java:1575)
10-Feb-2026 22:40:46.866 INFO [main] org.apache.catalina.core.StandardServer.await A valid shutdown command was received via the shutdown port. Stopping the Server instance.
10-Feb-2026 22:40:46.871 INFO [main] org.apache.coyote.AbstractProtocol.pause Pausing ProtocolHandler ["http-nio-8080"]
10-Feb-2026 22:40:46.880 INFO [main] org.apache.catalina.core.StandardService.stopInternal Stopping service [Catalina]
NOTE: Picked up JDK_JAVA_OPTIONS:  --add-opens=java.base/java.lang=ALL-UNNAMED --add-opens=java.base/java.lang.invoke=ALL-UNNAMED --add-opens=java.base/java.lang.reflect=ALL-UNNAMED --add-opens=java.base/java.io=ALL-UNNAMED --add-opens=java.base/java.util=ALL-UNNAMED --add-opens=java.base/java.util.concurrent=ALL-UNNAMED --add-opens=java.rmi/sun.rmi.transport=ALL-UNNAMED
10-Feb-2026 22:40:46.905 INFO [main] org.apache.coyote.AbstractProtocol.stop Stopping ProtocolHandler ["http-nio-8080"]
10-Feb-2026 22:40:46.916 INFO [main] org.apache.coyote.AbstractProtocol.destroy Destroying ProtocolHandler ["http-nio-8080"]
10-Feb-2026 22:40:47.028 INFO [main] org.apache.catalina.startup.VersionLoggerListener.log Server version name:   Apache Tomcat/9.0.115
10-Feb-2026 22:40:47.029 INFO [main] org.apache.catalina.startup.VersionLoggerListener.log Server built:          Jan 21 2026 08:17:26 UTC
10-Feb-2026 22:40:47.029 INFO [main] org.apache.catalina.startup.VersionLoggerListener.log Server version number: 9.0.115.0
10-Feb-2026 22:40:47.029 INFO [main] org.apache.catalina.startup.VersionLoggerListener.log OS Name:               Mac OS X
10-Feb-2026 22:40:47.029 INFO [main] org.apache.catalina.startup.VersionLoggerListener.log OS Version:            15.7.3
10-Feb-2026 22:40:47.029 INFO [main] org.apache.catalina.startup.VersionLoggerListener.log Architecture:          aarch64
10-Feb-2026 22:40:47.029 INFO [main] org.apache.catalina.startup.VersionLoggerListener.log Java Home:             /Library/Java/JavaVirtualMachines/jdk-23.jdk/Contents/Home
10-Feb-2026 22:40:47.029 INFO [main] org.apache.catalina.startup.VersionLoggerListener.log JVM Version:           23.0.2+7-58
10-Feb-2026 22:40:47.030 INFO [main] org.apache.catalina.startup.VersionLoggerListener.log JVM Vendor:            Oracle Corporation
10-Feb-2026 22:40:47.030 INFO [main] org.apache.catalina.startup.VersionLoggerListener.log CATALINA_BASE:         /Applications/tomcat
10-Feb-2026 22:40:47.030 INFO [main] org.apache.catalina.startup.VersionLoggerListener.log CATALINA_HOME:         /Applications/tomcat
10-Feb-2026 22:40:47.035 INFO [main] org.apache.catalina.startup.VersionLoggerListener.log Command line argument: --add-opens=java.base/java.lang=ALL-UNNAMED
10-Feb-2026 22:40:47.035 INFO [main] org.apache.catalina.startup.VersionLoggerListener.log Command line argument: --add-opens=java.base/java.lang.invoke=ALL-UNNAMED
10-Feb-2026 22:40:47.035 INFO [main] org.apache.catalina.startup.VersionLoggerListener.log Command line argument: --add-opens=java.base/java.lang.reflect=ALL-UNNAMED
10-Feb-2026 22:40:47.035 INFO [main] org.apache.catalina.startup.VersionLoggerListener.log Command line argument: --add-opens=java.base/java.io=ALL-UNNAMED
10-Feb-2026 22:40:47.035 INFO [main] org.apache.catalina.startup.VersionLoggerListener.log Command line argument: --add-opens=java.base/java.util=ALL-UNNAMED
10-Feb-2026 22:40:47.035 INFO [main] org.apache.catalina.startup.VersionLoggerListener.log Command line argument: --add-opens=java.base/java.util.concurrent=ALL-UNNAMED
10-Feb-2026 22:40:47.035 INFO [main] org.apache.catalina.startup.VersionLoggerListener.log Command line argument: --add-opens=java.rmi/sun.rmi.transport=ALL-UNNAMED
10-Feb-2026 22:40:47.035 INFO [main] org.apache.catalina.startup.VersionLoggerListener.log Command line argument: -Djava.util.logging.config.file=/Applications/tomcat/conf/logging.properties
10-Feb-2026 22:40:47.036 INFO [main] org.apache.catalina.startup.VersionLoggerListener.log Command line argument: -Djava.util.logging.manager=org.apache.juli.ClassLoaderLogManager
10-Feb-2026 22:40:47.036 INFO [main] org.apache.catalina.startup.VersionLoggerListener.log Command line argument: -Djdk.tls.ephemeralDHKeySize=2048
10-Feb-2026 22:40:47.036 INFO [main] org.apache.catalina.startup.VersionLoggerListener.log Command line argument: -Djava.protocol.handler.pkgs=org.apache.catalina.webresources
10-Feb-2026 22:40:47.036 INFO [main] org.apache.catalina.startup.VersionLoggerListener.log Command line argument: -Dsun.io.useCanonCaches=false
10-Feb-2026 22:40:47.036 INFO [main] org.apache.catalina.startup.VersionLoggerListener.log Command line argument: -Dorg.apache.catalina.security.SecurityListener.UMASK=0027
10-Feb-2026 22:40:47.036 INFO [main] org.apache.catalina.startup.VersionLoggerListener.log Command line argument: -Dignore.endorsed.dirs=
10-Feb-2026 22:40:47.036 INFO [main] org.apache.catalina.startup.VersionLoggerListener.log Command line argument: -Dcatalina.base=/Applications/tomcat
10-Feb-2026 22:40:47.036 INFO [main] org.apache.catalina.startup.VersionLoggerListener.log Command line argument: -Dcatalina.home=/Applications/tomcat
10-Feb-2026 22:40:47.036 INFO [main] org.apache.catalina.startup.VersionLoggerListener.log Command line argument: -Djava.io.tmpdir=/Applications/tomcat/temp
10-Feb-2026 22:40:47.041 INFO [main] org.apache.catalina.core.AprLifecycleListener.lifecycleEvent The Apache Tomcat Native library which allows using OpenSSL was not found on the java.library.path: [/Users/jessemendoza/Library/Java/Extensions:/Library/Java/Extensions:/Network/Library/Java/Extensions:/System/Library/Java/Extensions:/usr/lib/java:.]
10-Feb-2026 22:40:47.159 INFO [main] org.apache.coyote.AbstractProtocol.init Initializing ProtocolHandler ["http-nio-8080"]
10-Feb-2026 22:40:47.169 INFO [main] org.apache.catalina.startup.Catalina.load Server initialization in [202] milliseconds
10-Feb-2026 22:40:47.182 INFO [main] org.apache.catalina.core.StandardService.startInternal Starting service [Catalina]
10-Feb-2026 22:40:47.182 INFO [main] org.apache.catalina.core.StandardEngine.startInternal Starting Servlet engine: [Apache Tomcat/9.0.115]
10-Feb-2026 22:40:47.184 INFO [main] org.apache.catalina.startup.HostConfig.deployDirectory Deploying web application directory [/Applications/tomcat/webapps/docs]
10-Feb-2026 22:40:47.351 INFO [main] org.apache.jasper.servlet.TldScanner.scanJars At least one JAR was scanned for TLDs yet contained no TLDs. Enable debug logging for this logger for a complete list of JARs that were scanned but no TLDs were found in them. Skipping unneeded JARs during scanning can improve startup time and JSP compilation time.
10-Feb-2026 22:40:47.361 INFO [main] org.apache.catalina.startup.HostConfig.deployDirectory Deployment of web application directory [/Applications/tomcat/webapps/docs] has finished in [177] ms
10-Feb-2026 22:40:47.361 INFO [main] org.apache.catalina.startup.HostConfig.deployDirectory Deploying web application directory [/Applications/tomcat/webapps/manager]
10-Feb-2026 22:40:47.417 INFO [main] org.apache.jasper.servlet.TldScanner.scanJars At least one JAR was scanned for TLDs yet contained no TLDs. Enable debug logging for this logger for a complete list of JARs that were scanned but no TLDs were found in them. Skipping unneeded JARs during scanning can improve startup time and JSP compilation time.
10-Feb-2026 22:40:47.420 INFO [main] org.apache.catalina.startup.HostConfig.deployDirectory Deployment of web application directory [/Applications/tomcat/webapps/manager] has finished in [58] ms
10-Feb-2026 22:40:47.420 INFO [main] org.apache.catalina.startup.HostConfig.deployDirectory Deploying web application directory [/Applications/tomcat/webapps/examples]
10-Feb-2026 22:40:47.516 INFO [main] org.apache.jasper.servlet.TldScanner.scanJars At least one JAR was scanned for TLDs yet contained no TLDs. Enable debug logging for this logger for a complete list of JARs that were scanned but no TLDs were found in them. Skipping unneeded JARs during scanning can improve startup time and JSP compilation time.
10-Feb-2026 22:40:47.521 INFO [main] org.apache.catalina.startup.HostConfig.deployDirectory Deployment of web application directory [/Applications/tomcat/webapps/examples] has finished in [101] ms
10-Feb-2026 22:40:47.521 INFO [main] org.apache.catalina.startup.HostConfig.deployDirectory Deploying web application directory [/Applications/tomcat/webapps/ROOT]
10-Feb-2026 22:40:47.569 INFO [main] org.apache.jasper.servlet.TldScanner.scanJars At least one JAR was scanned for TLDs yet contained no TLDs. Enable debug logging for this logger for a complete list of JARs that were scanned but no TLDs were found in them. Skipping unneeded JARs during scanning can improve startup time and JSP compilation time.
10-Feb-2026 22:40:47.569 INFO [main] org.apache.catalina.startup.HostConfig.deployDirectory Deployment of web application directory [/Applications/tomcat/webapps/ROOT] has finished in [48] ms
10-Feb-2026 22:40:47.569 INFO [main] org.apache.catalina.startup.HostConfig.deployDirectory Deploying web application directory [/Applications/tomcat/webapps/host-manager]
10-Feb-2026 22:40:47.616 INFO [main] org.apache.jasper.servlet.TldScanner.scanJars At least one JAR was scanned for TLDs yet contained no TLDs. Enable debug logging for this logger for a complete list of JARs that were scanned but no TLDs were found in them. Skipping unneeded JARs during scanning can improve startup time and JSP compilation time.
10-Feb-2026 22:40:47.616 INFO [main] org.apache.catalina.startup.HostConfig.deployDirectory Deployment of web application directory [/Applications/tomcat/webapps/host-manager] has finished in [47] ms
10-Feb-2026 22:40:47.618 INFO [main] org.apache.coyote.AbstractProtocol.start Starting ProtocolHandler ["http-nio-8080"]
10-Feb-2026 22:40:47.621 INFO [main] org.apache.catalina.startup.Catalina.start Server startup in [451] milliseconds
10-Feb-2026 22:42:11.173 INFO [main] org.apache.catalina.core.StandardServer.await A valid shutdown command was received via the shutdown port. Stopping the Server instance.
10-Feb-2026 22:42:11.173 INFO [main] org.apache.coyote.AbstractProtocol.pause Pausing ProtocolHandler ["http-nio-8080"]
10-Feb-2026 22:42:11.175 INFO [main] org.apache.catalina.core.StandardService.stopInternal Stopping service [Catalina]
10-Feb-2026 22:42:11.184 INFO [main] org.apache.coyote.AbstractProtocol.stop Stopping ProtocolHandler ["http-nio-8080"]
10-Feb-2026 22:42:11.186 INFO [main] org.apache.coyote.AbstractProtocol.destroy Destroying ProtocolHandler ["http-nio-8080"]
NOTE: Picked up JDK_JAVA_OPTIONS:  --add-opens=java.base/java.lang=ALL-UNNAMED --add-opens=java.base/java.lang.invoke=ALL-UNNAMED --add-opens=java.base/java.lang.reflect=ALL-UNNAMED --add-opens=java.base/java.io=ALL-UNNAMED --add-opens=java.base/java.util=ALL-UNNAMED --add-opens=java.base/java.util.concurrent=ALL-UNNAMED --add-opens=java.rmi/sun.rmi.transport=ALL-UNNAMED
10-Feb-2026 22:42:11.331 INFO [main] org.apache.catalina.startup.VersionLoggerListener.log Server version name:   Apache Tomcat/9.0.115
10-Feb-2026 22:42:11.332 INFO [main] org.apache.catalina.startup.VersionLoggerListener.log Server built:          Jan 21 2026 08:17:26 UTC
10-Feb-2026 22:42:11.332 INFO [main] org.apache.catalina.startup.VersionLoggerListener.log Server version number: 9.0.115.0
10-Feb-2026 22:42:11.332 INFO [main] org.apache.catalina.startup.VersionLoggerListener.log OS Name:               Mac OS X
10-Feb-2026 22:42:11.332 INFO [main] org.apache.catalina.startup.VersionLoggerListener.log OS Version:            15.7.3
10-Feb-2026 22:42:11.332 INFO [main] org.apache.catalina.startup.VersionLoggerListener.log Architecture:          aarch64
10-Feb-2026 22:42:11.333 INFO [main] org.apache.catalina.startup.VersionLoggerListener.log Java Home:             /Library/Java/JavaVirtualMachines/jdk-23.jdk/Contents/Home
10-Feb-2026 22:42:11.333 INFO [main] org.apache.catalina.startup.VersionLoggerListener.log JVM Version:           23.0.2+7-58
10-Feb-2026 22:42:11.333 INFO [main] org.apache.catalina.startup.VersionLoggerListener.log JVM Vendor:            Oracle Corporation
10-Feb-2026 22:42:11.333 INFO [main] org.apache.catalina.startup.VersionLoggerListener.log CATALINA_BASE:         /Applications/tomcat
10-Feb-2026 22:42:11.333 INFO [main] org.apache.catalina.startup.VersionLoggerListener.log CATALINA_HOME:         /Applications/tomcat
10-Feb-2026 22:42:11.336 INFO [main] org.apache.catalina.startup.VersionLoggerListener.log Command line argument: --add-opens=java.base/java.lang=ALL-UNNAMED
10-Feb-2026 22:42:11.336 INFO [main] org.apache.catalina.startup.VersionLoggerListener.log Command line argument: --add-opens=java.base/java.lang.invoke=ALL-UNNAMED
10-Feb-2026 22:42:11.336 INFO [main] org.apache.catalina.startup.VersionLoggerListener.log Command line argument: --add-opens=java.base/java.lang.reflect=ALL-UNNAMED
10-Feb-2026 22:42:11.336 INFO [main] org.apache.catalina.startup.VersionLoggerListener.log Command line argument: --add-opens=java.base/java.io=ALL-UNNAMED
10-Feb-2026 22:42:11.336 INFO [main] org.apache.catalina.startup.VersionLoggerListener.log Command line argument: --add-opens=java.base/java.util=ALL-UNNAMED
10-Feb-2026 22:42:11.336 INFO [main] org.apache.catalina.startup.VersionLoggerListener.log Command line argument: --add-opens=java.base/java.util.concurrent=ALL-UNNAMED
10-Feb-2026 22:42:11.336 INFO [main] org.apache.catalina.startup.VersionLoggerListener.log Command line argument: --add-opens=java.rmi/sun.rmi.transport=ALL-UNNAMED
10-Feb-2026 22:42:11.336 INFO [main] org.apache.catalina.startup.VersionLoggerListener.log Command line argument: -Djava.util.logging.config.file=/Applications/tomcat/conf/logging.properties
10-Feb-2026 22:42:11.336 INFO [main] org.apache.catalina.startup.VersionLoggerListener.log Command line argument: -Djava.util.logging.manager=org.apache.juli.ClassLoaderLogManager
10-Feb-2026 22:42:11.336 INFO [main] org.apache.catalina.startup.VersionLoggerListener.log Command line argument: -Djdk.tls.ephemeralDHKeySize=2048
10-Feb-2026 22:42:11.336 INFO [main] org.apache.catalina.startup.VersionLoggerListener.log Command line argument: -Djava.protocol.handler.pkgs=org.apache.catalina.webresources
10-Feb-2026 22:42:11.336 INFO [main] org.apache.catalina.startup.VersionLoggerListener.log Command line argument: -Dsun.io.useCanonCaches=false
10-Feb-2026 22:42:11.336 INFO [main] org.apache.catalina.startup.VersionLoggerListener.log Command line argument: -Dorg.apache.catalina.security.SecurityListener.UMASK=0027
10-Feb-2026 22:42:11.336 INFO [main] org.apache.catalina.startup.VersionLoggerListener.log Command line argument: -Dignore.endorsed.dirs=
10-Feb-2026 22:42:11.336 INFO [main] org.apache.catalina.startup.VersionLoggerListener.log Command line argument: -Dcatalina.base=/Applications/tomcat
10-Feb-2026 22:42:11.336 INFO [main] org.apache.catalina.startup.VersionLoggerListener.log Command line argument: -Dcatalina.home=/Applications/tomcat
10-Feb-2026 22:42:11.337 INFO [main] org.apache.catalina.startup.VersionLoggerListener.log Command line argument: -Djava.io.tmpdir=/Applications/tomcat/temp
10-Feb-2026 22:42:11.340 INFO [main] org.apache.catalina.core.AprLifecycleListener.lifecycleEvent The Apache Tomcat Native library which allows using OpenSSL was not found on the java.library.path: [/Users/jessemendoza/Library/Java/Extensions:/Library/Java/Extensions:/Network/Library/Java/Extensions:/System/Library/Java/Extensions:/usr/lib/java:.]
10-Feb-2026 22:42:11.447 INFO [main] org.apache.coyote.AbstractProtocol.init Initializing ProtocolHandler ["http-nio-8080"]
10-Feb-2026 22:42:11.457 INFO [main] org.apache.catalina.startup.Catalina.load Server initialization in [183] milliseconds
10-Feb-2026 22:42:11.468 INFO [main] org.apache.catalina.core.StandardService.startInternal Starting service [Catalina]
10-Feb-2026 22:42:11.468 INFO [main] org.apache.catalina.core.StandardEngine.startInternal Starting Servlet engine: [Apache Tomcat/9.0.115]
10-Feb-2026 22:42:11.470 INFO [main] org.apache.catalina.startup.HostConfig.deployDirectory Deploying web application directory [/Applications/tomcat/webapps/docs]
10-Feb-2026 22:42:11.618 INFO [main] org.apache.jasper.servlet.TldScanner.scanJars At least one JAR was scanned for TLDs yet contained no TLDs. Enable debug logging for this logger for a complete list of JARs that were scanned but no TLDs were found in them. Skipping unneeded JARs during scanning can improve startup time and JSP compilation time.
10-Feb-2026 22:42:11.629 INFO [main] org.apache.catalina.startup.HostConfig.deployDirectory Deployment of web application directory [/Applications/tomcat/webapps/docs] has finished in [159] ms
10-Feb-2026 22:42:11.630 INFO [main] org.apache.catalina.startup.HostConfig.deployDirectory Deploying web application directory [/Applications/tomcat/webapps/manager]
10-Feb-2026 22:42:11.687 INFO [main] org.apache.jasper.servlet.TldScanner.scanJars At least one JAR was scanned for TLDs yet contained no TLDs. Enable debug logging for this logger for a complete list of JARs that were scanned but no TLDs were found in them. Skipping unneeded JARs during scanning can improve startup time and JSP compilation time.
10-Feb-2026 22:42:11.689 INFO [main] org.apache.catalina.startup.HostConfig.deployDirectory Deployment of web application directory [/Applications/tomcat/webapps/manager] has finished in [60] ms
10-Feb-2026 22:42:11.689 INFO [main] org.apache.catalina.startup.HostConfig.deployDirectory Deploying web application directory [/Applications/tomcat/webapps/examples]
10-Feb-2026 22:42:11.785 INFO [main] org.apache.jasper.servlet.TldScanner.scanJars At least one JAR was scanned for TLDs yet contained no TLDs. Enable debug logging for this logger for a complete list of JARs that were scanned but no TLDs were found in them. Skipping unneeded JARs during scanning can improve startup time and JSP compilation time.
10-Feb-2026 22:42:11.790 INFO [main] org.apache.catalina.startup.HostConfig.deployDirectory Deployment of web application directory [/Applications/tomcat/webapps/examples] has finished in [101] ms
10-Feb-2026 22:42:11.790 INFO [main] org.apache.catalina.startup.HostConfig.deployDirectory Deploying web application directory [/Applications/tomcat/webapps/ROOT]
10-Feb-2026 22:42:11.844 INFO [main] org.apache.jasper.servlet.TldScanner.scanJars At least one JAR was scanned for TLDs yet contained no TLDs. Enable debug logging for this logger for a complete list of JARs that were scanned but no TLDs were found in them. Skipping unneeded JARs during scanning can improve startup time and JSP compilation time.
10-Feb-2026 22:42:11.845 INFO [main] org.apache.catalina.startup.HostConfig.deployDirectory Deployment of web application directory [/Applications/tomcat/webapps/ROOT] has finished in [55] ms
10-Feb-2026 22:42:11.845 INFO [main] org.apache.catalina.startup.HostConfig.deployDirectory Deploying web application directory [/Applications/tomcat/webapps/host-manager]
10-Feb-2026 22:42:11.894 INFO [main] org.apache.jasper.servlet.TldScanner.scanJars At least one JAR was scanned for TLDs yet contained no TLDs. Enable debug logging for this logger for a complete list of JARs that were scanned but no TLDs were found in them. Skipping unneeded JARs during scanning can improve startup time and JSP compilation time.
10-Feb-2026 22:42:11.895 INFO [main] org.apache.catalina.startup.HostConfig.deployDirectory Deployment of web application directory [/Applications/tomcat/webapps/host-manager] has finished in [49] ms
10-Feb-2026 22:42:11.896 INFO [main] org.apache.coyote.AbstractProtocol.start Starting ProtocolHandler ["http-nio-8080"]
10-Feb-2026 22:42:11.899 INFO [main] org.apache.catalina.startup.Catalina.start Server startup in [441] milliseconds
10-Feb-2026 23:02:47.626 INFO [main] org.apache.catalina.core.StandardServer.await A valid shutdown command was received via the shutdown port. Stopping the Server instance.
10-Feb-2026 23:02:47.627 INFO [main] org.apache.coyote.AbstractProtocol.pause Pausing ProtocolHandler ["http-nio-8080"]
10-Feb-2026 23:02:47.628 INFO [main] org.apache.catalina.core.StandardService.stopInternal Stopping service [Catalina]
10-Feb-2026 23:02:47.646 INFO [main] org.apache.coyote.AbstractProtocol.stop Stopping ProtocolHandler ["http-nio-8080"]
10-Feb-2026 23:02:47.654 INFO [main] org.apache.coyote.AbstractProtocol.destroy Destroying ProtocolHandler ["http-nio-8080"]
NOTE: Picked up JDK_JAVA_OPTIONS:  --add-opens=java.base/java.lang=ALL-UNNAMED --add-opens=java.base/java.lang.invoke=ALL-UNNAMED --add-opens=java.base/java.lang.reflect=ALL-UNNAMED --add-opens=java.base/java.io=ALL-UNNAMED --add-opens=java.base/java.util=ALL-UNNAMED --add-opens=java.base/java.util.concurrent=ALL-UNNAMED --add-opens=java.rmi/sun.rmi.transport=ALL-UNNAMED
10-Feb-2026 23:02:47.791 INFO [main] org.apache.catalina.startup.VersionLoggerListener.log Server version name:   Apache Tomcat/9.0.115
10-Feb-2026 23:02:47.792 INFO [main] org.apache.catalina.startup.VersionLoggerListener.log Server built:          Jan 21 2026 08:17:26 UTC
10-Feb-2026 23:02:47.792 INFO [main] org.apache.catalina.startup.VersionLoggerListener.log Server version number: 9.0.115.0
10-Feb-2026 23:02:47.792 INFO [main] org.apache.catalina.startup.VersionLoggerListener.log OS Name:               Mac OS X
10-Feb-2026 23:02:47.792 INFO [main] org.apache.catalina.startup.VersionLoggerListener.log OS Version:            15.7.3
10-Feb-2026 23:02:47.792 INFO [main] org.apache.catalina.startup.VersionLoggerListener.log Architecture:          aarch64
10-Feb-2026 23:02:47.792 INFO [main] org.apache.catalina.startup.VersionLoggerListener.log Java Home:             /Library/Java/JavaVirtualMachines/jdk-23.jdk/Contents/Home
10-Feb-2026 23:02:47.792 INFO [main] org.apache.catalina.startup.VersionLoggerListener.log JVM Version:           23.0.2+7-58
10-Feb-2026 23:02:47.792 INFO [main] org.apache.catalina.startup.VersionLoggerListener.log JVM Vendor:            Oracle Corporation
10-Feb-2026 23:02:47.792 INFO [main] org.apache.catalina.startup.VersionLoggerListener.log CATALINA_BASE:         /Applications/tomcat
10-Feb-2026 23:02:47.792 INFO [main] org.apache.catalina.startup.VersionLoggerListener.log CATALINA_HOME:         /Applications/tomcat
10-Feb-2026 23:02:47.795 INFO [main] org.apache.catalina.startup.VersionLoggerListener.log Command line argument: --add-opens=java.base/java.lang=ALL-UNNAMED
10-Feb-2026 23:02:47.795 INFO [main] org.apache.catalina.startup.VersionLoggerListener.log Command line argument: --add-opens=java.base/java.lang.invoke=ALL-UNNAMED
10-Feb-2026 23:02:47.795 INFO [main] org.apache.catalina.startup.VersionLoggerListener.log Command line argument: --add-opens=java.base/java.lang.reflect=ALL-UNNAMED
10-Feb-2026 23:02:47.795 INFO [main] org.apache.catalina.startup.VersionLoggerListener.log Command line argument: --add-opens=java.base/java.io=ALL-UNNAMED
10-Feb-2026 23:02:47.795 INFO [main] org.apache.catalina.startup.VersionLoggerListener.log Command line argument: --add-opens=java.base/java.util=ALL-UNNAMED
10-Feb-2026 23:02:47.795 INFO [main] org.apache.catalina.startup.VersionLoggerListener.log Command line argument: --add-opens=java.base/java.util.concurrent=ALL-UNNAMED
10-Feb-2026 23:02:47.796 INFO [main] org.apache.catalina.startup.VersionLoggerListener.log Command line argument: --add-opens=java.rmi/sun.rmi.transport=ALL-UNNAMED
10-Feb-2026 23:02:47.796 INFO [main] org.apache.catalina.startup.VersionLoggerListener.log Command line argument: -Djava.util.logging.config.file=/Applications/tomcat/conf/logging.properties
10-Feb-2026 23:02:47.796 INFO [main] org.apache.catalina.startup.VersionLoggerListener.log Command line argument: -Djava.util.logging.manager=org.apache.juli.ClassLoaderLogManager
10-Feb-2026 23:02:47.796 INFO [main] org.apache.catalina.startup.VersionLoggerListener.log Command line argument: -Djdk.tls.ephemeralDHKeySize=2048
10-Feb-2026 23:02:47.796 INFO [main] org.apache.catalina.startup.VersionLoggerListener.log Command line argument: -Djava.protocol.handler.pkgs=org.apache.catalina.webresources
10-Feb-2026 23:02:47.796 INFO [main] org.apache.catalina.startup.VersionLoggerListener.log Command line argument: -Dsun.io.useCanonCaches=false
10-Feb-2026 23:02:47.796 INFO [main] org.apache.catalina.startup.VersionLoggerListener.log Command line argument: -Dorg.apache.catalina.security.SecurityListener.UMASK=0027
10-Feb-2026 23:02:47.796 INFO [main] org.apache.catalina.startup.VersionLoggerListener.log Command line argument: -Dignore.endorsed.dirs=
10-Feb-2026 23:02:47.796 INFO [main] org.apache.catalina.startup.VersionLoggerListener.log Command line argument: -Dcatalina.base=/Applications/tomcat
10-Feb-2026 23:02:47.796 INFO [main] org.apache.catalina.startup.VersionLoggerListener.log Command line argument: -Dcatalina.home=/Applications/tomcat
10-Feb-2026 23:02:47.796 INFO [main] org.apache.catalina.startup.VersionLoggerListener.log Command line argument: -Djava.io.tmpdir=/Applications/tomcat/temp
10-Feb-2026 23:02:47.799 INFO [main] org.apache.catalina.core.AprLifecycleListener.lifecycleEvent The Apache Tomcat Native library which allows using OpenSSL was not found on the java.library.path: [/Users/jessemendoza/Library/Java/Extensions:/Library/Java/Extensions:/Network/Library/Java/Extensions:/System/Library/Java/Extensions:/usr/lib/java:.]
10-Feb-2026 23:02:47.913 INFO [main] org.apache.coyote.AbstractProtocol.init Initializing ProtocolHandler ["http-nio-8080"]
10-Feb-2026 23:02:47.923 INFO [main] org.apache.catalina.startup.Catalina.load Server initialization in [192] milliseconds
10-Feb-2026 23:02:47.936 INFO [main] org.apache.catalina.core.StandardService.startInternal Starting service [Catalina]
10-Feb-2026 23:02:47.936 INFO [main] org.apache.catalina.core.StandardEngine.startInternal Starting Servlet engine: [Apache Tomcat/9.0.115]
10-Feb-2026 23:02:47.938 INFO [main] org.apache.catalina.startup.HostConfig.deployDirectory Deploying web application directory [/Applications/tomcat/webapps/docs]
10-Feb-2026 23:02:48.106 INFO [main] org.apache.jasper.servlet.TldScanner.scanJars At least one JAR was scanned for TLDs yet contained no TLDs. Enable debug logging for this logger for a complete list of JARs that were scanned but no TLDs were found in them. Skipping unneeded JARs during scanning can improve startup time and JSP compilation time.
10-Feb-2026 23:02:48.116 INFO [main] org.apache.catalina.startup.HostConfig.deployDirectory Deployment of web application directory [/Applications/tomcat/webapps/docs] has finished in [178] ms
10-Feb-2026 23:02:48.116 INFO [main] org.apache.catalina.startup.HostConfig.deployDirectory Deploying web application directory [/Applications/tomcat/webapps/manager]
10-Feb-2026 23:02:48.172 INFO [main] org.apache.jasper.servlet.TldScanner.scanJars At least one JAR was scanned for TLDs yet contained no TLDs. Enable debug logging for this logger for a complete list of JARs that were scanned but no TLDs were found in them. Skipping unneeded JARs during scanning can improve startup time and JSP compilation time.
10-Feb-2026 23:02:48.174 INFO [main] org.apache.catalina.startup.HostConfig.deployDirectory Deployment of web application directory [/Applications/tomcat/webapps/manager] has finished in [58] ms
10-Feb-2026 23:02:48.174 INFO [main] org.apache.catalina.startup.HostConfig.deployDirectory Deploying web application directory [/Applications/tomcat/webapps/examples]
10-Feb-2026 23:02:48.270 INFO [main] org.apache.jasper.servlet.TldScanner.scanJars At least one JAR was scanned for TLDs yet contained no TLDs. Enable debug logging for this logger for a complete list of JARs that were scanned but no TLDs were found in them. Skipping unneeded JARs during scanning can improve startup time and JSP compilation time.
10-Feb-2026 23:02:48.274 INFO [main] org.apache.catalina.startup.HostConfig.deployDirectory Deployment of web application directory [/Applications/tomcat/webapps/examples] has finished in [100] ms
10-Feb-2026 23:02:48.274 INFO [main] org.apache.catalina.startup.HostConfig.deployDirectory Deploying web application directory [/Applications/tomcat/webapps/ROOT]
10-Feb-2026 23:02:48.321 INFO [main] org.apache.jasper.servlet.TldScanner.scanJars At least one JAR was scanned for TLDs yet contained no TLDs. Enable debug logging for this logger for a complete list of JARs that were scanned but no TLDs were found in them. Skipping unneeded JARs during scanning can improve startup time and JSP compilation time.
10-Feb-2026 23:02:48.325 INFO [main] org.apache.catalina.startup.HostConfig.deployDirectory Deployment of web application directory [/Applications/tomcat/webapps/ROOT] has finished in [51] ms
10-Feb-2026 23:02:48.325 INFO [main] org.apache.catalina.startup.HostConfig.deployDirectory Deploying web application directory [/Applications/tomcat/webapps/host-manager]
10-Feb-2026 23:02:48.371 INFO [main] org.apache.jasper.servlet.TldScanner.scanJars At least one JAR was scanned for TLDs yet contained no TLDs. Enable debug logging for this logger for a complete list of JARs that were scanned but no TLDs were found in them. Skipping unneeded JARs during scanning can improve startup time and JSP compilation time.
10-Feb-2026 23:02:48.372 INFO [main] org.apache.catalina.startup.HostConfig.deployDirectory Deployment of web application directory [/Applications/tomcat/webapps/host-manager] has finished in [47] ms
10-Feb-2026 23:02:48.373 INFO [main] org.apache.coyote.AbstractProtocol.start Starting ProtocolHandler ["http-nio-8080"]
10-Feb-2026 23:02:48.376 INFO [main] org.apache.catalina.startup.Catalina.start Server startup in [452] milliseconds
Loading class `com.mysql.jdbc.Driver'. This is deprecated. The new driver class is `com.mysql.cj.jdbc.Driver'. The driver is automatically registered via the SPI and manual loading of the driver class is generally unnecessary.
10-Feb-2026 23:05:22.863 INFO [main] org.apache.catalina.core.StandardServer.await A valid shutdown command was received via the shutdown port. Stopping the Server instance.
10-Feb-2026 23:05:22.864 INFO [main] org.apache.coyote.AbstractProtocol.pause Pausing ProtocolHandler ["http-nio-8080"]
10-Feb-2026 23:05:22.865 INFO [main] org.apache.catalina.core.StandardService.stopInternal Stopping service [Catalina]
10-Feb-2026 23:05:22.875 INFO [main] org.apache.coyote.AbstractProtocol.stop Stopping ProtocolHandler ["http-nio-8080"]
10-Feb-2026 23:05:22.878 INFO [main] org.apache.coyote.AbstractProtocol.destroy Destroying ProtocolHandler ["http-nio-8080"]
NOTE: Picked up JDK_JAVA_OPTIONS:  --add-opens=java.base/java.lang=ALL-UNNAMED --add-opens=java.base/java.lang.invoke=ALL-UNNAMED --add-opens=java.base/java.lang.reflect=ALL-UNNAMED --add-opens=java.base/java.io=ALL-UNNAMED --add-opens=java.base/java.util=ALL-UNNAMED --add-opens=java.base/java.util.concurrent=ALL-UNNAMED --add-opens=java.rmi/sun.rmi.transport=ALL-UNNAMED
10-Feb-2026 23:05:23.018 INFO [main] org.apache.catalina.startup.VersionLoggerListener.log Server version name:   Apache Tomcat/9.0.115
10-Feb-2026 23:05:23.020 INFO [main] org.apache.catalina.startup.VersionLoggerListener.log Server built:          Jan 21 2026 08:17:26 UTC
10-Feb-2026 23:05:23.020 INFO [main] org.apache.catalina.startup.VersionLoggerListener.log Server version number: 9.0.115.0
10-Feb-2026 23:05:23.020 INFO [main] org.apache.catalina.startup.VersionLoggerListener.log OS Name:               Mac OS X
10-Feb-2026 23:05:23.020 INFO [main] org.apache.catalina.startup.VersionLoggerListener.log OS Version:            15.7.3
10-Feb-2026 23:05:23.020 INFO [main] org.apache.catalina.startup.VersionLoggerListener.log Architecture:          aarch64
10-Feb-2026 23:05:23.020 INFO [main] org.apache.catalina.startup.VersionLoggerListener.log Java Home:             /Library/Java/JavaVirtualMachines/jdk-23.jdk/Contents/Home
10-Feb-2026 23:05:23.020 INFO [main] org.apache.catalina.startup.VersionLoggerListener.log JVM Version:           23.0.2+7-58
10-Feb-2026 23:05:23.020 INFO [main] org.apache.catalina.startup.VersionLoggerListener.log JVM Vendor:            Oracle Corporation
10-Feb-2026 23:05:23.020 INFO [main] org.apache.catalina.startup.VersionLoggerListener.log CATALINA_BASE:         /Applications/tomcat
10-Feb-2026 23:05:23.020 INFO [main] org.apache.catalina.startup.VersionLoggerListener.log CATALINA_HOME:         /Applications/tomcat
10-Feb-2026 23:05:23.023 INFO [main] org.apache.catalina.startup.VersionLoggerListener.log Command line argument: --add-opens=java.base/java.lang=ALL-UNNAMED
10-Feb-2026 23:05:23.023 INFO [main] org.apache.catalina.startup.VersionLoggerListener.log Command line argument: --add-opens=java.base/java.lang.invoke=ALL-UNNAMED
10-Feb-2026 23:05:23.023 INFO [main] org.apache.catalina.startup.VersionLoggerListener.log Command line argument: --add-opens=java.base/java.lang.reflect=ALL-UNNAMED
10-Feb-2026 23:05:23.023 INFO [main] org.apache.catalina.startup.VersionLoggerListener.log Command line argument: --add-opens=java.base/java.io=ALL-UNNAMED
10-Feb-2026 23:05:23.023 INFO [main] org.apache.catalina.startup.VersionLoggerListener.log Command line argument: --add-opens=java.base/java.util=ALL-UNNAMED
10-Feb-2026 23:05:23.023 INFO [main] org.apache.catalina.startup.VersionLoggerListener.log Command line argument: --add-opens=java.base/java.util.concurrent=ALL-UNNAMED
10-Feb-2026 23:05:23.023 INFO [main] org.apache.catalina.startup.VersionLoggerListener.log Command line argument: --add-opens=java.rmi/sun.rmi.transport=ALL-UNNAMED
10-Feb-2026 23:05:23.023 INFO [main] org.apache.catalina.startup.VersionLoggerListener.log Command line argument: -Djava.util.logging.config.file=/Applications/tomcat/conf/logging.properties
10-Feb-2026 23:05:23.023 INFO [main] org.apache.catalina.startup.VersionLoggerListener.log Command line argument: -Djava.util.logging.manager=org.apache.juli.ClassLoaderLogManager
10-Feb-2026 23:05:23.023 INFO [main] org.apache.catalina.startup.VersionLoggerListener.log Command line argument: -Djdk.tls.ephemeralDHKeySize=2048
10-Feb-2026 23:05:23.023 INFO [main] org.apache.catalina.startup.VersionLoggerListener.log Command line argument: -Djava.protocol.handler.pkgs=org.apache.catalina.webresources
10-Feb-2026 23:05:23.023 INFO [main] org.apache.catalina.startup.VersionLoggerListener.log Command line argument: -Dsun.io.useCanonCaches=false
10-Feb-2026 23:05:23.023 INFO [main] org.apache.catalina.startup.VersionLoggerListener.log Command line argument: -Dorg.apache.catalina.security.SecurityListener.UMASK=0027
10-Feb-2026 23:05:23.023 INFO [main] org.apache.catalina.startup.VersionLoggerListener.log Command line argument: -Dignore.endorsed.dirs=
10-Feb-2026 23:05:23.023 INFO [main] org.apache.catalina.startup.VersionLoggerListener.log Command line argument: -Dcatalina.base=/Applications/tomcat
10-Feb-2026 23:05:23.023 INFO [main] org.apache.catalina.startup.VersionLoggerListener.log Command line argument: -Dcatalina.home=/Applications/tomcat
10-Feb-2026 23:05:23.023 INFO [main] org.apache.catalina.startup.VersionLoggerListener.log Command line argument: -Djava.io.tmpdir=/Applications/tomcat/temp
10-Feb-2026 23:05:23.027 INFO [main] org.apache.catalina.core.AprLifecycleListener.lifecycleEvent The Apache Tomcat Native library which allows using OpenSSL was not found on the java.library.path: [/Users/jessemendoza/Library/Java/Extensions:/Library/Java/Extensions:/Network/Library/Java/Extensions:/System/Library/Java/Extensions:/usr/lib/java:.]
10-Feb-2026 23:05:23.132 INFO [main] org.apache.coyote.AbstractProtocol.init Initializing ProtocolHandler ["http-nio-8080"]
10-Feb-2026 23:05:23.142 INFO [main] org.apache.catalina.startup.Catalina.load Server initialization in [178] milliseconds
10-Feb-2026 23:05:23.152 INFO [main] org.apache.catalina.core.StandardService.startInternal Starting service [Catalina]
10-Feb-2026 23:05:23.152 INFO [main] org.apache.catalina.core.StandardEngine.startInternal Starting Servlet engine: [Apache Tomcat/9.0.115]
10-Feb-2026 23:05:23.154 INFO [main] org.apache.catalina.startup.HostConfig.deployDirectory Deploying web application directory [/Applications/tomcat/webapps/docs]
10-Feb-2026 23:05:23.305 INFO [main] org.apache.jasper.servlet.TldScanner.scanJars At least one JAR was scanned for TLDs yet contained no TLDs. Enable debug logging for this logger for a complete list of JARs that were scanned but no TLDs were found in them. Skipping unneeded JARs during scanning can improve startup time and JSP compilation time.
10-Feb-2026 23:05:23.315 INFO [main] org.apache.catalina.startup.HostConfig.deployDirectory Deployment of web application directory [/Applications/tomcat/webapps/docs] has finished in [161] ms
10-Feb-2026 23:05:23.315 INFO [main] org.apache.catalina.startup.HostConfig.deployDirectory Deploying web application directory [/Applications/tomcat/webapps/manager]
10-Feb-2026 23:05:23.371 INFO [main] org.apache.jasper.servlet.TldScanner.scanJars At least one JAR was scanned for TLDs yet contained no TLDs. Enable debug logging for this logger for a complete list of JARs that were scanned but no TLDs were found in them. Skipping unneeded JARs during scanning can improve startup time and JSP compilation time.
10-Feb-2026 23:05:23.372 INFO [main] org.apache.catalina.startup.HostConfig.deployDirectory Deployment of web application directory [/Applications/tomcat/webapps/manager] has finished in [57] ms
10-Feb-2026 23:05:23.373 INFO [main] org.apache.catalina.startup.HostConfig.deployDirectory Deploying web application directory [/Applications/tomcat/webapps/examples]
10-Feb-2026 23:05:23.464 INFO [main] org.apache.jasper.servlet.TldScanner.scanJars At least one JAR was scanned for TLDs yet contained no TLDs. Enable debug logging for this logger for a complete list of JARs that were scanned but no TLDs were found in them. Skipping unneeded JARs during scanning can improve startup time and JSP compilation time.
10-Feb-2026 23:05:23.469 INFO [main] org.apache.catalina.startup.HostConfig.deployDirectory Deployment of web application directory [/Applications/tomcat/webapps/examples] has finished in [96] ms
10-Feb-2026 23:05:23.469 INFO [main] org.apache.catalina.startup.HostConfig.deployDirectory Deploying web application directory [/Applications/tomcat/webapps/ROOT]
10-Feb-2026 23:05:23.516 INFO [main] org.apache.jasper.servlet.TldScanner.scanJars At least one JAR was scanned for TLDs yet contained no TLDs. Enable debug logging for this logger for a complete list of JARs that were scanned but no TLDs were found in them. Skipping unneeded JARs during scanning can improve startup time and JSP compilation time.
10-Feb-2026 23:05:23.519 INFO [main] org.apache.catalina.startup.HostConfig.deployDirectory Deployment of web application directory [/Applications/tomcat/webapps/ROOT] has finished in [50] ms
10-Feb-2026 23:05:23.519 INFO [main] org.apache.catalina.startup.HostConfig.deployDirectory Deploying web application directory [/Applications/tomcat/webapps/host-manager]
10-Feb-2026 23:05:23.565 INFO [main] org.apache.jasper.servlet.TldScanner.scanJars At least one JAR was scanned for TLDs yet contained no TLDs. Enable debug logging for this logger for a complete list of JARs that were scanned but no TLDs were found in them. Skipping unneeded JARs during scanning can improve startup time and JSP compilation time.
10-Feb-2026 23:05:23.565 INFO [main] org.apache.catalina.startup.HostConfig.deployDirectory Deployment of web application directory [/Applications/tomcat/webapps/host-manager] has finished in [46] ms
10-Feb-2026 23:05:23.566 INFO [main] org.apache.coyote.AbstractProtocol.start Starting ProtocolHandler ["http-nio-8080"]
10-Feb-2026 23:05:23.570 INFO [main] org.apache.catalina.startup.Catalina.start Server startup in [427] milliseconds
10-Feb-2026 23:13:30.165 INFO [main] org.apache.catalina.core.StandardServer.await A valid shutdown command was received via the shutdown port. Stopping the Server instance.
10-Feb-2026 23:13:30.166 INFO [main] org.apache.coyote.AbstractProtocol.pause Pausing ProtocolHandler ["http-nio-8080"]
10-Feb-2026 23:13:30.168 INFO [main] org.apache.catalina.core.StandardService.stopInternal Stopping service [Catalina]
10-Feb-2026 23:13:30.179 INFO [main] org.apache.coyote.AbstractProtocol.stop Stopping ProtocolHandler ["http-nio-8080"]
10-Feb-2026 23:13:30.193 INFO [main] org.apache.coyote.AbstractProtocol.destroy Destroying ProtocolHandler ["http-nio-8080"]
NOTE: Picked up JDK_JAVA_OPTIONS:  --add-opens=java.base/java.lang=ALL-UNNAMED --add-opens=java.base/java.lang.invoke=ALL-UNNAMED --add-opens=java.base/java.lang.reflect=ALL-UNNAMED --add-opens=java.base/java.io=ALL-UNNAMED --add-opens=java.base/java.util=ALL-UNNAMED --add-opens=java.base/java.util.concurrent=ALL-UNNAMED --add-opens=java.rmi/sun.rmi.transport=ALL-UNNAMED
10-Feb-2026 23:13:49.497 INFO [main] org.apache.catalina.startup.VersionLoggerListener.log Server version name:   Apache Tomcat/9.0.115
10-Feb-2026 23:13:49.499 INFO [main] org.apache.catalina.startup.VersionLoggerListener.log Server built:          Jan 21 2026 08:17:26 UTC
10-Feb-2026 23:13:49.499 INFO [main] org.apache.catalina.startup.VersionLoggerListener.log Server version number: 9.0.115.0
10-Feb-2026 23:13:49.499 INFO [main] org.apache.catalina.startup.VersionLoggerListener.log OS Name:               Mac OS X
10-Feb-2026 23:13:49.499 INFO [main] org.apache.catalina.startup.VersionLoggerListener.log OS Version:            15.7.3
10-Feb-2026 23:13:49.499 INFO [main] org.apache.catalina.startup.VersionLoggerListener.log Architecture:          aarch64
10-Feb-2026 23:13:49.499 INFO [main] org.apache.catalina.startup.VersionLoggerListener.log Java Home:             /Library/Java/JavaVirtualMachines/jdk-23.jdk/Contents/Home
10-Feb-2026 23:13:49.499 INFO [main] org.apache.catalina.startup.VersionLoggerListener.log JVM Version:           23.0.2+7-58
10-Feb-2026 23:13:49.499 INFO [main] org.apache.catalina.startup.VersionLoggerListener.log JVM Vendor:            Oracle Corporation
10-Feb-2026 23:13:49.499 INFO [main] org.apache.catalina.startup.VersionLoggerListener.log CATALINA_BASE:         /Applications/tomcat
10-Feb-2026 23:13:49.499 INFO [main] org.apache.catalina.startup.VersionLoggerListener.log CATALINA_HOME:         /Applications/tomcat
10-Feb-2026 23:13:49.502 INFO [main] org.apache.catalina.startup.VersionLoggerListener.log Command line argument: --add-opens=java.base/java.lang=ALL-UNNAMED
10-Feb-2026 23:13:49.502 INFO [main] org.apache.catalina.startup.VersionLoggerListener.log Command line argument: --add-opens=java.base/java.lang.invoke=ALL-UNNAMED
10-Feb-2026 23:13:49.502 INFO [main] org.apache.catalina.startup.VersionLoggerListener.log Command line argument: --add-opens=java.base/java.lang.reflect=ALL-UNNAMED
10-Feb-2026 23:13:49.502 INFO [main] org.apache.catalina.startup.VersionLoggerListener.log Command line argument: --add-opens=java.base/java.io=ALL-UNNAMED
10-Feb-2026 23:13:49.502 INFO [main] org.apache.catalina.startup.VersionLoggerListener.log Command line argument: --add-opens=java.base/java.util=ALL-UNNAMED
10-Feb-2026 23:13:49.502 INFO [main] org.apache.catalina.startup.VersionLoggerListener.log Command line argument: --add-opens=java.base/java.util.concurrent=ALL-UNNAMED
10-Feb-2026 23:13:49.502 INFO [main] org.apache.catalina.startup.VersionLoggerListener.log Command line argument: --add-opens=java.rmi/sun.rmi.transport=ALL-UNNAMED
10-Feb-2026 23:13:49.502 INFO [main] org.apache.catalina.startup.VersionLoggerListener.log Command line argument: -Djava.util.logging.config.file=/Applications/tomcat/conf/logging.properties
10-Feb-2026 23:13:49.502 INFO [main] org.apache.catalina.startup.VersionLoggerListener.log Command line argument: -Djava.util.logging.manager=org.apache.juli.ClassLoaderLogManager
10-Feb-2026 23:13:49.502 INFO [main] org.apache.catalina.startup.VersionLoggerListener.log Command line argument: -Djdk.tls.ephemeralDHKeySize=2048
10-Feb-2026 23:13:49.502 INFO [main] org.apache.catalina.startup.VersionLoggerListener.log Command line argument: -Djava.protocol.handler.pkgs=org.apache.catalina.webresources
10-Feb-2026 23:13:49.502 INFO [main] org.apache.catalina.startup.VersionLoggerListener.log Command line argument: -Dsun.io.useCanonCaches=false
10-Feb-2026 23:13:49.502 INFO [main] org.apache.catalina.startup.VersionLoggerListener.log Command line argument: -Dorg.apache.catalina.security.SecurityListener.UMASK=0027
10-Feb-2026 23:13:49.502 INFO [main] org.apache.catalina.startup.VersionLoggerListener.log Command line argument: -Dignore.endorsed.dirs=
10-Feb-2026 23:13:49.502 INFO [main] org.apache.catalina.startup.VersionLoggerListener.log Command line argument: -Dcatalina.base=/Applications/tomcat
10-Feb-2026 23:13:49.503 INFO [main] org.apache.catalina.startup.VersionLoggerListener.log Command line argument: -Dcatalina.home=/Applications/tomcat
10-Feb-2026 23:13:49.503 INFO [main] org.apache.catalina.startup.VersionLoggerListener.log Command line argument: -Djava.io.tmpdir=/Applications/tomcat/temp
10-Feb-2026 23:13:49.506 INFO [main] org.apache.catalina.core.AprLifecycleListener.lifecycleEvent The Apache Tomcat Native library which allows using OpenSSL was not found on the java.library.path: [/Users/jessemendoza/Library/Java/Extensions:/Library/Java/Extensions:/Network/Library/Java/Extensions:/System/Library/Java/Extensions:/usr/lib/java:.]
10-Feb-2026 23:13:49.613 INFO [main] org.apache.coyote.AbstractProtocol.init Initializing ProtocolHandler ["http-nio-8080"]
10-Feb-2026 23:13:49.623 INFO [main] org.apache.catalina.startup.Catalina.load Server initialization in [185] milliseconds
10-Feb-2026 23:13:49.634 INFO [main] org.apache.catalina.core.StandardService.startInternal Starting service [Catalina]
10-Feb-2026 23:13:49.634 INFO [main] org.apache.catalina.core.StandardEngine.startInternal Starting Servlet engine: [Apache Tomcat/9.0.115]
10-Feb-2026 23:13:49.636 INFO [main] org.apache.catalina.startup.HostConfig.deployDirectory Deploying web application directory [/Applications/tomcat/webapps/docs]
10-Feb-2026 23:13:49.802 INFO [main] org.apache.jasper.servlet.TldScanner.scanJars At least one JAR was scanned for TLDs yet contained no TLDs. Enable debug logging for this logger for a complete list of JARs that were scanned but no TLDs were found in them. Skipping unneeded JARs during scanning can improve startup time and JSP compilation time.
10-Feb-2026 23:13:49.811 INFO [main] org.apache.catalina.startup.HostConfig.deployDirectory Deployment of web application directory [/Applications/tomcat/webapps/docs] has finished in [175] ms
10-Feb-2026 23:13:49.812 INFO [main] org.apache.catalina.startup.HostConfig.deployDirectory Deploying web application directory [/Applications/tomcat/webapps/manager]
10-Feb-2026 23:13:49.869 INFO [main] org.apache.jasper.servlet.TldScanner.scanJars At least one JAR was scanned for TLDs yet contained no TLDs. Enable debug logging for this logger for a complete list of JARs that were scanned but no TLDs were found in them. Skipping unneeded JARs during scanning can improve startup time and JSP compilation time.
10-Feb-2026 23:13:49.871 INFO [main] org.apache.catalina.startup.HostConfig.deployDirectory Deployment of web application directory [/Applications/tomcat/webapps/manager] has finished in [59] ms
10-Feb-2026 23:13:49.871 INFO [main] org.apache.catalina.startup.HostConfig.deployDirectory Deploying web application directory [/Applications/tomcat/webapps/examples]
10-Feb-2026 23:13:49.966 INFO [main] org.apache.jasper.servlet.TldScanner.scanJars At least one JAR was scanned for TLDs yet contained no TLDs. Enable debug logging for this logger for a complete list of JARs that were scanned but no TLDs were found in them. Skipping unneeded JARs during scanning can improve startup time and JSP compilation time.
10-Feb-2026 23:13:49.970 INFO [main] org.apache.catalina.startup.HostConfig.deployDirectory Deployment of web application directory [/Applications/tomcat/webapps/examples] has finished in [99] ms
10-Feb-2026 23:13:49.970 INFO [main] org.apache.catalina.startup.HostConfig.deployDirectory Deploying web application directory [/Applications/tomcat/webapps/ROOT]
10-Feb-2026 23:13:50.017 INFO [main] org.apache.jasper.servlet.TldScanner.scanJars At least one JAR was scanned for TLDs yet contained no TLDs. Enable debug logging for this logger for a complete list of JARs that were scanned but no TLDs were found in them. Skipping unneeded JARs during scanning can improve startup time and JSP compilation time.
10-Feb-2026 23:13:50.021 INFO [main] org.apache.catalina.startup.HostConfig.deployDirectory Deployment of web application directory [/Applications/tomcat/webapps/ROOT] has finished in [51] ms
10-Feb-2026 23:13:50.021 INFO [main] org.apache.catalina.startup.HostConfig.deployDirectory Deploying web application directory [/Applications/tomcat/webapps/host-manager]
10-Feb-2026 23:13:50.070 INFO [main] org.apache.jasper.servlet.TldScanner.scanJars At least one JAR was scanned for TLDs yet contained no TLDs. Enable debug logging for this logger for a complete list of JARs that were scanned but no TLDs were found in them. Skipping unneeded JARs during scanning can improve startup time and JSP compilation time.
10-Feb-2026 23:13:50.070 INFO [main] org.apache.catalina.startup.HostConfig.deployDirectory Deployment of web application directory [/Applications/tomcat/webapps/host-manager] has finished in [49] ms
10-Feb-2026 23:13:50.071 INFO [main] org.apache.coyote.AbstractProtocol.start Starting ProtocolHandler ["http-nio-8080"]
10-Feb-2026 23:13:50.075 INFO [main] org.apache.catalina.startup.Catalina.start Server startup in [451] milliseconds
10-Feb-2026 23:38:00.047 INFO [main] org.apache.catalina.core.StandardServer.await A valid shutdown command was received via the shutdown port. Stopping the Server instance.
10-Feb-2026 23:38:00.048 INFO [main] org.apache.coyote.AbstractProtocol.pause Pausing ProtocolHandler ["http-nio-8080"]
10-Feb-2026 23:38:00.049 INFO [main] org.apache.catalina.core.StandardService.stopInternal Stopping service [Catalina]
10-Feb-2026 23:38:00.070 INFO [main] org.apache.coyote.AbstractProtocol.stop Stopping ProtocolHandler ["http-nio-8080"]
NOTE: Picked up JDK_JAVA_OPTIONS:  --add-opens=java.base/java.lang=ALL-UNNAMED --add-opens=java.base/java.lang.invoke=ALL-UNNAMED --add-opens=java.base/java.lang.reflect=ALL-UNNAMED --add-opens=java.base/java.io=ALL-UNNAMED --add-opens=java.base/java.util=ALL-UNNAMED --add-opens=java.base/java.util.concurrent=ALL-UNNAMED --add-opens=java.rmi/sun.rmi.transport=ALL-UNNAMED
10-Feb-2026 23:38:00.084 INFO [main] org.apache.coyote.AbstractProtocol.destroy Destroying ProtocolHandler ["http-nio-8080"]
10-Feb-2026 23:38:00.205 INFO [main] org.apache.catalina.startup.VersionLoggerListener.log Server version name:   Apache Tomcat/9.0.115
10-Feb-2026 23:38:00.207 INFO [main] org.apache.catalina.startup.VersionLoggerListener.log Server built:          Jan 21 2026 08:17:26 UTC
10-Feb-2026 23:38:00.207 INFO [main] org.apache.catalina.startup.VersionLoggerListener.log Server version number: 9.0.115.0
10-Feb-2026 23:38:00.207 INFO [main] org.apache.catalina.startup.VersionLoggerListener.log OS Name:               Mac OS X
10-Feb-2026 23:38:00.207 INFO [main] org.apache.catalina.startup.VersionLoggerListener.log OS Version:            15.7.3
10-Feb-2026 23:38:00.207 INFO [main] org.apache.catalina.startup.VersionLoggerListener.log Architecture:          aarch64
10-Feb-2026 23:38:00.207 INFO [main] org.apache.catalina.startup.VersionLoggerListener.log Java Home:             /Library/Java/JavaVirtualMachines/jdk-23.jdk/Contents/Home
10-Feb-2026 23:38:00.207 INFO [main] org.apache.catalina.startup.VersionLoggerListener.log JVM Version:           23.0.2+7-58
10-Feb-2026 23:38:00.207 INFO [main] org.apache.catalina.startup.VersionLoggerListener.log JVM Vendor:            Oracle Corporation
10-Feb-2026 23:38:00.207 INFO [main] org.apache.catalina.startup.VersionLoggerListener.log CATALINA_BASE:         /Applications/tomcat
10-Feb-2026 23:38:00.207 INFO [main] org.apache.catalina.startup.VersionLoggerListener.log CATALINA_HOME:         /Applications/tomcat
10-Feb-2026 23:38:00.210 INFO [main] org.apache.catalina.startup.VersionLoggerListener.log Command line argument: --add-opens=java.base/java.lang=ALL-UNNAMED
10-Feb-2026 23:38:00.210 INFO [main] org.apache.catalina.startup.VersionLoggerListener.log Command line argument: --add-opens=java.base/java.lang.invoke=ALL-UNNAMED
10-Feb-2026 23:38:00.210 INFO [main] org.apache.catalina.startup.VersionLoggerListener.log Command line argument: --add-opens=java.base/java.lang.reflect=ALL-UNNAMED
10-Feb-2026 23:38:00.210 INFO [main] org.apache.catalina.startup.VersionLoggerListener.log Command line argument: --add-opens=java.base/java.io=ALL-UNNAMED
10-Feb-2026 23:38:00.210 INFO [main] org.apache.catalina.startup.VersionLoggerListener.log Command line argument: --add-opens=java.base/java.util=ALL-UNNAMED
10-Feb-2026 23:38:00.210 INFO [main] org.apache.catalina.startup.VersionLoggerListener.log Command line argument: --add-opens=java.base/java.util.concurrent=ALL-UNNAMED
10-Feb-2026 23:38:00.210 INFO [main] org.apache.catalina.startup.VersionLoggerListener.log Command line argument: --add-opens=java.rmi/sun.rmi.transport=ALL-UNNAMED
10-Feb-2026 23:38:00.210 INFO [main] org.apache.catalina.startup.VersionLoggerListener.log Command line argument: -Djava.util.logging.config.file=/Applications/tomcat/conf/logging.properties
10-Feb-2026 23:38:00.210 INFO [main] org.apache.catalina.startup.VersionLoggerListener.log Command line argument: -Djava.util.logging.manager=org.apache.juli.ClassLoaderLogManager
10-Feb-2026 23:38:00.210 INFO [main] org.apache.catalina.startup.VersionLoggerListener.log Command line argument: -Djdk.tls.ephemeralDHKeySize=2048
10-Feb-2026 23:38:00.210 INFO [main] org.apache.catalina.startup.VersionLoggerListener.log Command line argument: -Djava.protocol.handler.pkgs=org.apache.catalina.webresources
10-Feb-2026 23:38:00.210 INFO [main] org.apache.catalina.startup.VersionLoggerListener.log Command line argument: -Dsun.io.useCanonCaches=false
10-Feb-2026 23:38:00.210 INFO [main] org.apache.catalina.startup.VersionLoggerListener.log Command line argument: -Dorg.apache.catalina.security.SecurityListener.UMASK=0027
10-Feb-2026 23:38:00.210 INFO [main] org.apache.catalina.startup.VersionLoggerListener.log Command line argument: -Dignore.endorsed.dirs=
10-Feb-2026 23:38:00.210 INFO [main] org.apache.catalina.startup.VersionLoggerListener.log Command line argument: -Dcatalina.base=/Applications/tomcat
10-Feb-2026 23:38:00.211 INFO [main] org.apache.catalina.startup.VersionLoggerListener.log Command line argument: -Dcatalina.home=/Applications/tomcat
10-Feb-2026 23:38:00.211 INFO [main] org.apache.catalina.startup.VersionLoggerListener.log Command line argument: -Djava.io.tmpdir=/Applications/tomcat/temp
10-Feb-2026 23:38:00.215 INFO [main] org.apache.catalina.core.AprLifecycleListener.lifecycleEvent The Apache Tomcat Native library which allows using OpenSSL was not found on the java.library.path: [/Users/jessemendoza/Library/Java/Extensions:/Library/Java/Extensions:/Network/Library/Java/Extensions:/System/Library/Java/Extensions:/usr/lib/java:.]
10-Feb-2026 23:38:00.320 INFO [main] org.apache.coyote.AbstractProtocol.init Initializing ProtocolHandler ["http-nio-8080"]
10-Feb-2026 23:38:00.329 INFO [main] org.apache.catalina.startup.Catalina.load Server initialization in [180] milliseconds
10-Feb-2026 23:38:00.339 INFO [main] org.apache.catalina.core.StandardService.startInternal Starting service [Catalina]
10-Feb-2026 23:38:00.339 INFO [main] org.apache.catalina.core.StandardEngine.startInternal Starting Servlet engine: [Apache Tomcat/9.0.115]
10-Feb-2026 23:38:00.341 INFO [main] org.apache.catalina.startup.HostConfig.deployDirectory Deploying web application directory [/Applications/tomcat/webapps/docs]
10-Feb-2026 23:38:00.502 INFO [main] org.apache.jasper.servlet.TldScanner.scanJars At least one JAR was scanned for TLDs yet contained no TLDs. Enable debug logging for this logger for a complete list of JARs that were scanned but no TLDs were found in them. Skipping unneeded JARs during scanning can improve startup time and JSP compilation time.
10-Feb-2026 23:38:00.512 INFO [main] org.apache.catalina.startup.HostConfig.deployDirectory Deployment of web application directory [/Applications/tomcat/webapps/docs] has finished in [171] ms
10-Feb-2026 23:38:00.512 INFO [main] org.apache.catalina.startup.HostConfig.deployDirectory Deploying web application directory [/Applications/tomcat/webapps/manager]
10-Feb-2026 23:38:00.568 INFO [main] org.apache.jasper.servlet.TldScanner.scanJars At least one JAR was scanned for TLDs yet contained no TLDs. Enable debug logging for this logger for a complete list of JARs that were scanned but no TLDs were found in them. Skipping unneeded JARs during scanning can improve startup time and JSP compilation time.
10-Feb-2026 23:38:00.570 INFO [main] org.apache.catalina.startup.HostConfig.deployDirectory Deployment of web application directory [/Applications/tomcat/webapps/manager] has finished in [58] ms
10-Feb-2026 23:38:00.570 INFO [main] org.apache.catalina.startup.HostConfig.deployDirectory Deploying web application directory [/Applications/tomcat/webapps/examples]
10-Feb-2026 23:38:00.670 INFO [main] org.apache.jasper.servlet.TldScanner.scanJars At least one JAR was scanned for TLDs yet contained no TLDs. Enable debug logging for this logger for a complete list of JARs that were scanned but no TLDs were found in them. Skipping unneeded JARs during scanning can improve startup time and JSP compilation time.
10-Feb-2026 23:38:00.674 INFO [main] org.apache.catalina.startup.HostConfig.deployDirectory Deployment of web application directory [/Applications/tomcat/webapps/examples] has finished in [104] ms
10-Feb-2026 23:38:00.674 INFO [main] org.apache.catalina.startup.HostConfig.deployDirectory Deploying web application directory [/Applications/tomcat/webapps/ROOT]
10-Feb-2026 23:38:00.722 INFO [main] org.apache.jasper.servlet.TldScanner.scanJars At least one JAR was scanned for TLDs yet contained no TLDs. Enable debug logging for this logger for a complete list of JARs that were scanned but no TLDs were found in them. Skipping unneeded JARs during scanning can improve startup time and JSP compilation time.
10-Feb-2026 23:38:00.726 INFO [main] org.apache.catalina.startup.HostConfig.deployDirectory Deployment of web application directory [/Applications/tomcat/webapps/ROOT] has finished in [52] ms
10-Feb-2026 23:38:00.726 INFO [main] org.apache.catalina.startup.HostConfig.deployDirectory Deploying web application directory [/Applications/tomcat/webapps/host-manager]
10-Feb-2026 23:38:00.772 INFO [main] org.apache.jasper.servlet.TldScanner.scanJars At least one JAR was scanned for TLDs yet contained no TLDs. Enable debug logging for this logger for a complete list of JARs that were scanned but no TLDs were found in them. Skipping unneeded JARs during scanning can improve startup time and JSP compilation time.
10-Feb-2026 23:38:00.773 INFO [main] org.apache.catalina.startup.HostConfig.deployDirectory Deployment of web application directory [/Applications/tomcat/webapps/host-manager] has finished in [46] ms
10-Feb-2026 23:38:00.773 INFO [main] org.apache.coyote.AbstractProtocol.start Starting ProtocolHandler ["http-nio-8080"]
10-Feb-2026 23:38:00.777 INFO [main] org.apache.catalina.startup.Catalina.start Server startup in [447] milliseconds
Loading class `com.mysql.jdbc.Driver'. This is deprecated. The new driver class is `com.mysql.cj.jdbc.Driver'. The driver is automatically registered via the SPI and manual loading of the driver class is generally unnecessary.
10-Feb-2026 23:42:22.564 INFO [main] org.apache.catalina.core.StandardServer.await A valid shutdown command was received via the shutdown port. Stopping the Server instance.
10-Feb-2026 23:42:22.565 INFO [main] org.apache.coyote.AbstractProtocol.pause Pausing ProtocolHandler ["http-nio-8080"]
10-Feb-2026 23:42:22.566 INFO [main] org.apache.catalina.core.StandardService.stopInternal Stopping service [Catalina]
10-Feb-2026 23:42:22.577 INFO [main] org.apache.coyote.AbstractProtocol.stop Stopping ProtocolHandler ["http-nio-8080"]
10-Feb-2026 23:42:22.578 INFO [main] org.apache.coyote.AbstractProtocol.destroy Destroying ProtocolHandler ["http-nio-8080"]
NOTE: Picked up JDK_JAVA_OPTIONS:  --add-opens=java.base/java.lang=ALL-UNNAMED --add-opens=java.base/java.lang.invoke=ALL-UNNAMED --add-opens=java.base/java.lang.reflect=ALL-UNNAMED --add-opens=java.base/java.io=ALL-UNNAMED --add-opens=java.base/java.util=ALL-UNNAMED --add-opens=java.base/java.util.concurrent=ALL-UNNAMED --add-opens=java.rmi/sun.rmi.transport=ALL-UNNAMED
10-Feb-2026 23:42:29.724 INFO [main] org.apache.catalina.startup.VersionLoggerListener.log Server version name:   Apache Tomcat/9.0.115
10-Feb-2026 23:42:29.726 INFO [main] org.apache.catalina.startup.VersionLoggerListener.log Server built:          Jan 21 2026 08:17:26 UTC
10-Feb-2026 23:42:29.726 INFO [main] org.apache.catalina.startup.VersionLoggerListener.log Server version number: 9.0.115.0
10-Feb-2026 23:42:29.726 INFO [main] org.apache.catalina.startup.VersionLoggerListener.log OS Name:               Mac OS X
10-Feb-2026 23:42:29.726 INFO [main] org.apache.catalina.startup.VersionLoggerListener.log OS Version:            15.7.3
10-Feb-2026 23:42:29.726 INFO [main] org.apache.catalina.startup.VersionLoggerListener.log Architecture:          aarch64
10-Feb-2026 23:42:29.726 INFO [main] org.apache.catalina.startup.VersionLoggerListener.log Java Home:             /Library/Java/JavaVirtualMachines/jdk-23.jdk/Contents/Home
10-Feb-2026 23:42:29.726 INFO [main] org.apache.catalina.startup.VersionLoggerListener.log JVM Version:           23.0.2+7-58
10-Feb-2026 23:42:29.726 INFO [main] org.apache.catalina.startup.VersionLoggerListener.log JVM Vendor:            Oracle Corporation
10-Feb-2026 23:42:29.726 INFO [main] org.apache.catalina.startup.VersionLoggerListener.log CATALINA_BASE:         /Applications/tomcat
10-Feb-2026 23:42:29.726 INFO [main] org.apache.catalina.startup.VersionLoggerListener.log CATALINA_HOME:         /Applications/tomcat
10-Feb-2026 23:42:29.729 INFO [main] org.apache.catalina.startup.VersionLoggerListener.log Command line argument: --add-opens=java.base/java.lang=ALL-UNNAMED
10-Feb-2026 23:42:29.729 INFO [main] org.apache.catalina.startup.VersionLoggerListener.log Command line argument: --add-opens=java.base/java.lang.invoke=ALL-UNNAMED
10-Feb-2026 23:42:29.729 INFO [main] org.apache.catalina.startup.VersionLoggerListener.log Command line argument: --add-opens=java.base/java.lang.reflect=ALL-UNNAMED
10-Feb-2026 23:42:29.729 INFO [main] org.apache.catalina.startup.VersionLoggerListener.log Command line argument: --add-opens=java.base/java.io=ALL-UNNAMED
10-Feb-2026 23:42:29.729 INFO [main] org.apache.catalina.startup.VersionLoggerListener.log Command line argument: --add-opens=java.base/java.util=ALL-UNNAMED
10-Feb-2026 23:42:29.729 INFO [main] org.apache.catalina.startup.VersionLoggerListener.log Command line argument: --add-opens=java.base/java.util.concurrent=ALL-UNNAMED
10-Feb-2026 23:42:29.729 INFO [main] org.apache.catalina.startup.VersionLoggerListener.log Command line argument: --add-opens=java.rmi/sun.rmi.transport=ALL-UNNAMED
10-Feb-2026 23:42:29.729 INFO [main] org.apache.catalina.startup.VersionLoggerListener.log Command line argument: -Djava.util.logging.config.file=/Applications/tomcat/conf/logging.properties
10-Feb-2026 23:42:29.729 INFO [main] org.apache.catalina.startup.VersionLoggerListener.log Command line argument: -Djava.util.logging.manager=org.apache.juli.ClassLoaderLogManager
10-Feb-2026 23:42:29.729 INFO [main] org.apache.catalina.startup.VersionLoggerListener.log Command line argument: -Djdk.tls.ephemeralDHKeySize=2048
10-Feb-2026 23:42:29.729 INFO [main] org.apache.catalina.startup.VersionLoggerListener.log Command line argument: -Djava.protocol.handler.pkgs=org.apache.catalina.webresources
10-Feb-2026 23:42:29.729 INFO [main] org.apache.catalina.startup.VersionLoggerListener.log Command line argument: -Dsun.io.useCanonCaches=false
10-Feb-2026 23:42:29.729 INFO [main] org.apache.catalina.startup.VersionLoggerListener.log Command line argument: -Dorg.apache.catalina.security.SecurityListener.UMASK=0027
10-Feb-2026 23:42:29.729 INFO [main] org.apache.catalina.startup.VersionLoggerListener.log Command line argument: -Dignore.endorsed.dirs=
10-Feb-2026 23:42:29.730 INFO [main] org.apache.catalina.startup.VersionLoggerListener.log Command line argument: -Dcatalina.base=/Applications/tomcat
10-Feb-2026 23:42:29.730 INFO [main] org.apache.catalina.startup.VersionLoggerListener.log Command line argument: -Dcatalina.home=/Applications/tomcat
10-Feb-2026 23:42:29.730 INFO [main] org.apache.catalina.startup.VersionLoggerListener.log Command line argument: -Djava.io.tmpdir=/Applications/tomcat/temp
10-Feb-2026 23:42:29.733 INFO [main] org.apache.catalina.core.AprLifecycleListener.lifecycleEvent The Apache Tomcat Native library which allows using OpenSSL was not found on the java.library.path: [/Users/jessemendoza/Library/Java/Extensions:/Library/Java/Extensions:/Network/Library/Java/Extensions:/System/Library/Java/Extensions:/usr/lib/java:.]
10-Feb-2026 23:42:29.840 INFO [main] org.apache.coyote.AbstractProtocol.init Initializing ProtocolHandler ["http-nio-8080"]
10-Feb-2026 23:42:29.850 INFO [main] org.apache.catalina.startup.Catalina.load Server initialization in [186] milliseconds
10-Feb-2026 23:42:29.860 INFO [main] org.apache.catalina.core.StandardService.startInternal Starting service [Catalina]
10-Feb-2026 23:42:29.860 INFO [main] org.apache.catalina.core.StandardEngine.startInternal Starting Servlet engine: [Apache Tomcat/9.0.115]
10-Feb-2026 23:42:29.862 INFO [main] org.apache.catalina.startup.HostConfig.deployDirectory Deploying web application directory [/Applications/tomcat/webapps/docs]
10-Feb-2026 23:42:30.031 INFO [main] org.apache.jasper.servlet.TldScanner.scanJars At least one JAR was scanned for TLDs yet contained no TLDs. Enable debug logging for this logger for a complete list of JARs that were scanned but no TLDs were found in them. Skipping unneeded JARs during scanning can improve startup time and JSP compilation time.
10-Feb-2026 23:42:30.043 INFO [main] org.apache.catalina.startup.HostConfig.deployDirectory Deployment of web application directory [/Applications/tomcat/webapps/docs] has finished in [181] ms
10-Feb-2026 23:42:30.043 INFO [main] org.apache.catalina.startup.HostConfig.deployDirectory Deploying web application directory [/Applications/tomcat/webapps/manager]
10-Feb-2026 23:42:30.102 INFO [main] org.apache.jasper.servlet.TldScanner.scanJars At least one JAR was scanned for TLDs yet contained no TLDs. Enable debug logging for this logger for a complete list of JARs that were scanned but no TLDs were found in them. Skipping unneeded JARs during scanning can improve startup time and JSP compilation time.
10-Feb-2026 23:42:30.104 INFO [main] org.apache.catalina.startup.HostConfig.deployDirectory Deployment of web application directory [/Applications/tomcat/webapps/manager] has finished in [61] ms
10-Feb-2026 23:42:30.104 INFO [main] org.apache.catalina.startup.HostConfig.deployDirectory Deploying web application directory [/Applications/tomcat/webapps/examples]
10-Feb-2026 23:42:30.202 INFO [main] org.apache.jasper.servlet.TldScanner.scanJars At least one JAR was scanned for TLDs yet contained no TLDs. Enable debug logging for this logger for a complete list of JARs that were scanned but no TLDs were found in them. Skipping unneeded JARs during scanning can improve startup time and JSP compilation time.
10-Feb-2026 23:42:30.207 INFO [main] org.apache.catalina.startup.HostConfig.deployDirectory Deployment of web application directory [/Applications/tomcat/webapps/examples] has finished in [103] ms
10-Feb-2026 23:42:30.207 INFO [main] org.apache.catalina.startup.HostConfig.deployDirectory Deploying web application directory [/Applications/tomcat/webapps/ROOT]
10-Feb-2026 23:42:30.255 INFO [main] org.apache.jasper.servlet.TldScanner.scanJars At least one JAR was scanned for TLDs yet contained no TLDs. Enable debug logging for this logger for a complete list of JARs that were scanned but no TLDs were found in them. Skipping unneeded JARs during scanning can improve startup time and JSP compilation time.
10-Feb-2026 23:42:30.259 INFO [main] org.apache.catalina.startup.HostConfig.deployDirectory Deployment of web application directory [/Applications/tomcat/webapps/ROOT] has finished in [52] ms
10-Feb-2026 23:42:30.259 INFO [main] org.apache.catalina.startup.HostConfig.deployDirectory Deploying web application directory [/Applications/tomcat/webapps/host-manager]
10-Feb-2026 23:42:30.305 INFO [main] org.apache.jasper.servlet.TldScanner.scanJars At least one JAR was scanned for TLDs yet contained no TLDs. Enable debug logging for this logger for a complete list of JARs that were scanned but no TLDs were found in them. Skipping unneeded JARs during scanning can improve startup time and JSP compilation time.
10-Feb-2026 23:42:30.306 INFO [main] org.apache.catalina.startup.HostConfig.deployDirectory Deployment of web application directory [/Applications/tomcat/webapps/host-manager] has finished in [47] ms
10-Feb-2026 23:42:30.307 INFO [main] org.apache.coyote.AbstractProtocol.start Starting ProtocolHandler ["http-nio-8080"]
10-Feb-2026 23:42:30.310 INFO [main] org.apache.catalina.startup.Catalina.start Server startup in [460] milliseconds
10-Feb-2026 23:42:36.441 INFO [main] org.apache.catalina.core.StandardServer.await A valid shutdown command was received via the shutdown port. Stopping the Server instance.
10-Feb-2026 23:42:36.441 INFO [main] org.apache.coyote.AbstractProtocol.pause Pausing ProtocolHandler ["http-nio-8080"]
10-Feb-2026 23:42:36.443 INFO [main] org.apache.catalina.core.StandardService.stopInternal Stopping service [Catalina]
10-Feb-2026 23:42:36.450 INFO [main] org.apache.coyote.AbstractProtocol.stop Stopping ProtocolHandler ["http-nio-8080"]
10-Feb-2026 23:42:36.453 INFO [main] org.apache.coyote.AbstractProtocol.destroy Destroying ProtocolHandler ["http-nio-8080"]
NOTE: Picked up JDK_JAVA_OPTIONS:  --add-opens=java.base/java.lang=ALL-UNNAMED --add-opens=java.base/java.lang.invoke=ALL-UNNAMED --add-opens=java.base/java.lang.reflect=ALL-UNNAMED --add-opens=java.base/java.io=ALL-UNNAMED --add-opens=java.base/java.util=ALL-UNNAMED --add-opens=java.base/java.util.concurrent=ALL-UNNAMED --add-opens=java.rmi/sun.rmi.transport=ALL-UNNAMED
10-Feb-2026 23:42:38.739 INFO [main] org.apache.catalina.startup.VersionLoggerListener.log Server version name:   Apache Tomcat/9.0.115
10-Feb-2026 23:42:38.741 INFO [main] org.apache.catalina.startup.VersionLoggerListener.log Server built:          Jan 21 2026 08:17:26 UTC
10-Feb-2026 23:42:38.741 INFO [main] org.apache.catalina.startup.VersionLoggerListener.log Server version number: 9.0.115.0
10-Feb-2026 23:42:38.741 INFO [main] org.apache.catalina.startup.VersionLoggerListener.log OS Name:               Mac OS X
10-Feb-2026 23:42:38.741 INFO [main] org.apache.catalina.startup.VersionLoggerListener.log OS Version:            15.7.3
10-Feb-2026 23:42:38.741 INFO [main] org.apache.catalina.startup.VersionLoggerListener.log Architecture:          aarch64
10-Feb-2026 23:42:38.741 INFO [main] org.apache.catalina.startup.VersionLoggerListener.log Java Home:             /Library/Java/JavaVirtualMachines/jdk-23.jdk/Contents/Home
10-Feb-2026 23:42:38.741 INFO [main] org.apache.catalina.startup.VersionLoggerListener.log JVM Version:           23.0.2+7-58
10-Feb-2026 23:42:38.741 INFO [main] org.apache.catalina.startup.VersionLoggerListener.log JVM Vendor:            Oracle Corporation
10-Feb-2026 23:42:38.741 INFO [main] org.apache.catalina.startup.VersionLoggerListener.log CATALINA_BASE:         /Applications/tomcat
10-Feb-2026 23:42:38.741 INFO [main] org.apache.catalina.startup.VersionLoggerListener.log CATALINA_HOME:         /Applications/tomcat
10-Feb-2026 23:42:38.744 INFO [main] org.apache.catalina.startup.VersionLoggerListener.log Command line argument: --add-opens=java.base/java.lang=ALL-UNNAMED
10-Feb-2026 23:42:38.744 INFO [main] org.apache.catalina.startup.VersionLoggerListener.log Command line argument: --add-opens=java.base/java.lang.invoke=ALL-UNNAMED
10-Feb-2026 23:42:38.744 INFO [main] org.apache.catalina.startup.VersionLoggerListener.log Command line argument: --add-opens=java.base/java.lang.reflect=ALL-UNNAMED
10-Feb-2026 23:42:38.744 INFO [main] org.apache.catalina.startup.VersionLoggerListener.log Command line argument: --add-opens=java.base/java.io=ALL-UNNAMED
10-Feb-2026 23:42:38.744 INFO [main] org.apache.catalina.startup.VersionLoggerListener.log Command line argument: --add-opens=java.base/java.util=ALL-UNNAMED
10-Feb-2026 23:42:38.744 INFO [main] org.apache.catalina.startup.VersionLoggerListener.log Command line argument: --add-opens=java.base/java.util.concurrent=ALL-UNNAMED
10-Feb-2026 23:42:38.744 INFO [main] org.apache.catalina.startup.VersionLoggerListener.log Command line argument: --add-opens=java.rmi/sun.rmi.transport=ALL-UNNAMED
10-Feb-2026 23:42:38.744 INFO [main] org.apache.catalina.startup.VersionLoggerListener.log Command line argument: -Djava.util.logging.config.file=/Applications/tomcat/conf/logging.properties
10-Feb-2026 23:42:38.744 INFO [main] org.apache.catalina.startup.VersionLoggerListener.log Command line argument: -Djava.util.logging.manager=org.apache.juli.ClassLoaderLogManager
10-Feb-2026 23:42:38.744 INFO [main] org.apache.catalina.startup.VersionLoggerListener.log Command line argument: -Djdk.tls.ephemeralDHKeySize=2048
10-Feb-2026 23:42:38.744 INFO [main] org.apache.catalina.startup.VersionLoggerListener.log Command line argument: -Djava.protocol.handler.pkgs=org.apache.catalina.webresources
10-Feb-2026 23:42:38.744 INFO [main] org.apache.catalina.startup.VersionLoggerListener.log Command line argument: -Dsun.io.useCanonCaches=false
10-Feb-2026 23:42:38.744 INFO [main] org.apache.catalina.startup.VersionLoggerListener.log Command line argument: -Dorg.apache.catalina.security.SecurityListener.UMASK=0027
10-Feb-2026 23:42:38.744 INFO [main] org.apache.catalina.startup.VersionLoggerListener.log Command line argument: -Dignore.endorsed.dirs=
10-Feb-2026 23:42:38.745 INFO [main] org.apache.catalina.startup.VersionLoggerListener.log Command line argument: -Dcatalina.base=/Applications/tomcat
10-Feb-2026 23:42:38.745 INFO [main] org.apache.catalina.startup.VersionLoggerListener.log Command line argument: -Dcatalina.home=/Applications/tomcat
10-Feb-2026 23:42:38.745 INFO [main] org.apache.catalina.startup.VersionLoggerListener.log Command line argument: -Djava.io.tmpdir=/Applications/tomcat/temp
10-Feb-2026 23:42:38.748 INFO [main] org.apache.catalina.core.AprLifecycleListener.lifecycleEvent The Apache Tomcat Native library which allows using OpenSSL was not found on the java.library.path: [/Users/jessemendoza/Library/Java/Extensions:/Library/Java/Extensions:/Network/Library/Java/Extensions:/System/Library/Java/Extensions:/usr/lib/java:.]
10-Feb-2026 23:42:38.853 INFO [main] org.apache.coyote.AbstractProtocol.init Initializing ProtocolHandler ["http-nio-8080"]
10-Feb-2026 23:42:38.862 INFO [main] org.apache.catalina.startup.Catalina.load Server initialization in [178] milliseconds
10-Feb-2026 23:42:38.873 INFO [main] org.apache.catalina.core.StandardService.startInternal Starting service [Catalina]
10-Feb-2026 23:42:38.873 INFO [main] org.apache.catalina.core.StandardEngine.startInternal Starting Servlet engine: [Apache Tomcat/9.0.115]
10-Feb-2026 23:42:38.875 INFO [main] org.apache.catalina.startup.HostConfig.deployDirectory Deploying web application directory [/Applications/tomcat/webapps/docs]
10-Feb-2026 23:42:39.028 INFO [main] org.apache.jasper.servlet.TldScanner.scanJars At least one JAR was scanned for TLDs yet contained no TLDs. Enable debug logging for this logger for a complete list of JARs that were scanned but no TLDs were found in them. Skipping unneeded JARs during scanning can improve startup time and JSP compilation time.
10-Feb-2026 23:42:39.038 INFO [main] org.apache.catalina.startup.HostConfig.deployDirectory Deployment of web application directory [/Applications/tomcat/webapps/docs] has finished in [163] ms
10-Feb-2026 23:42:39.038 INFO [main] org.apache.catalina.startup.HostConfig.deployDirectory Deploying web application directory [/Applications/tomcat/webapps/manager]
10-Feb-2026 23:42:39.095 INFO [main] org.apache.jasper.servlet.TldScanner.scanJars At least one JAR was scanned for TLDs yet contained no TLDs. Enable debug logging for this logger for a complete list of JARs that were scanned but no TLDs were found in them. Skipping unneeded JARs during scanning can improve startup time and JSP compilation time.
10-Feb-2026 23:42:39.097 INFO [main] org.apache.catalina.startup.HostConfig.deployDirectory Deployment of web application directory [/Applications/tomcat/webapps/manager] has finished in [58] ms
10-Feb-2026 23:42:39.097 INFO [main] org.apache.catalina.startup.HostConfig.deployDirectory Deploying web application directory [/Applications/tomcat/webapps/examples]
10-Feb-2026 23:42:39.189 INFO [main] org.apache.jasper.servlet.TldScanner.scanJars At least one JAR was scanned for TLDs yet contained no TLDs. Enable debug logging for this logger for a complete list of JARs that were scanned but no TLDs were found in them. Skipping unneeded JARs during scanning can improve startup time and JSP compilation time.
10-Feb-2026 23:42:39.193 INFO [main] org.apache.catalina.startup.HostConfig.deployDirectory Deployment of web application directory [/Applications/tomcat/webapps/examples] has finished in [96] ms
10-Feb-2026 23:42:39.193 INFO [main] org.apache.catalina.startup.HostConfig.deployDirectory Deploying web application directory [/Applications/tomcat/webapps/ROOT]
10-Feb-2026 23:42:39.241 INFO [main] org.apache.jasper.servlet.TldScanner.scanJars At least one JAR was scanned for TLDs yet contained no TLDs. Enable debug logging for this logger for a complete list of JARs that were scanned but no TLDs were found in them. Skipping unneeded JARs during scanning can improve startup time and JSP compilation time.
10-Feb-2026 23:42:39.244 INFO [main] org.apache.catalina.startup.HostConfig.deployDirectory Deployment of web application directory [/Applications/tomcat/webapps/ROOT] has finished in [51] ms
10-Feb-2026 23:42:39.244 INFO [main] org.apache.catalina.startup.HostConfig.deployDirectory Deploying web application directory [/Applications/tomcat/webapps/host-manager]
10-Feb-2026 23:42:39.290 INFO [main] org.apache.jasper.servlet.TldScanner.scanJars At least one JAR was scanned for TLDs yet contained no TLDs. Enable debug logging for this logger for a complete list of JARs that were scanned but no TLDs were found in them. Skipping unneeded JARs during scanning can improve startup time and JSP compilation time.
10-Feb-2026 23:42:39.291 INFO [main] org.apache.catalina.startup.HostConfig.deployDirectory Deployment of web application directory [/Applications/tomcat/webapps/host-manager] has finished in [47] ms
10-Feb-2026 23:42:39.292 INFO [main] org.apache.coyote.AbstractProtocol.start Starting ProtocolHandler ["http-nio-8080"]
10-Feb-2026 23:42:39.296 INFO [main] org.apache.catalina.startup.Catalina.start Server startup in [433] milliseconds
10-Feb-2026 23:51:09.702 INFO [main] org.apache.catalina.core.StandardServer.await A valid shutdown command was received via the shutdown port. Stopping the Server instance.
10-Feb-2026 23:51:09.702 INFO [main] org.apache.coyote.AbstractProtocol.pause Pausing ProtocolHandler ["http-nio-8080"]
10-Feb-2026 23:51:09.704 INFO [main] org.apache.catalina.core.StandardService.stopInternal Stopping service [Catalina]
10-Feb-2026 23:51:09.714 INFO [main] org.apache.coyote.AbstractProtocol.stop Stopping ProtocolHandler ["http-nio-8080"]
10-Feb-2026 23:51:09.715 INFO [main] org.apache.coyote.AbstractProtocol.destroy Destroying ProtocolHandler ["http-nio-8080"]
NOTE: Picked up JDK_JAVA_OPTIONS:  --add-opens=java.base/java.lang=ALL-UNNAMED --add-opens=java.base/java.lang.invoke=ALL-UNNAMED --add-opens=java.base/java.lang.reflect=ALL-UNNAMED --add-opens=java.base/java.io=ALL-UNNAMED --add-opens=java.base/java.util=ALL-UNNAMED --add-opens=java.base/java.util.concurrent=ALL-UNNAMED --add-opens=java.rmi/sun.rmi.transport=ALL-UNNAMED
10-Feb-2026 23:51:15.881 INFO [main] org.apache.catalina.startup.VersionLoggerListener.log Server version name:   Apache Tomcat/9.0.115
10-Feb-2026 23:51:15.882 INFO [main] org.apache.catalina.startup.VersionLoggerListener.log Server built:          Jan 21 2026 08:17:26 UTC
10-Feb-2026 23:51:15.882 INFO [main] org.apache.catalina.startup.VersionLoggerListener.log Server version number: 9.0.115.0
10-Feb-2026 23:51:15.882 INFO [main] org.apache.catalina.startup.VersionLoggerListener.log OS Name:               Mac OS X
10-Feb-2026 23:51:15.882 INFO [main] org.apache.catalina.startup.VersionLoggerListener.log OS Version:            15.7.3
10-Feb-2026 23:51:15.882 INFO [main] org.apache.catalina.startup.VersionLoggerListener.log Architecture:          aarch64
10-Feb-2026 23:51:15.882 INFO [main] org.apache.catalina.startup.VersionLoggerListener.log Java Home:             /Library/Java/JavaVirtualMachines/jdk-23.jdk/Contents/Home
10-Feb-2026 23:51:15.882 INFO [main] org.apache.catalina.startup.VersionLoggerListener.log JVM Version:           23.0.2+7-58
10-Feb-2026 23:51:15.882 INFO [main] org.apache.catalina.startup.VersionLoggerListener.log JVM Vendor:            Oracle Corporation
10-Feb-2026 23:51:15.883 INFO [main] org.apache.catalina.startup.VersionLoggerListener.log CATALINA_BASE:         /Applications/tomcat
10-Feb-2026 23:51:15.883 INFO [main] org.apache.catalina.startup.VersionLoggerListener.log CATALINA_HOME:         /Applications/tomcat
10-Feb-2026 23:51:15.885 INFO [main] org.apache.catalina.startup.VersionLoggerListener.log Command line argument: --add-opens=java.base/java.lang=ALL-UNNAMED
10-Feb-2026 23:51:15.885 INFO [main] org.apache.catalina.startup.VersionLoggerListener.log Command line argument: --add-opens=java.base/java.lang.invoke=ALL-UNNAMED
10-Feb-2026 23:51:15.885 INFO [main] org.apache.catalina.startup.VersionLoggerListener.log Command line argument: --add-opens=java.base/java.lang.reflect=ALL-UNNAMED
10-Feb-2026 23:51:15.886 INFO [main] org.apache.catalina.startup.VersionLoggerListener.log Command line argument: --add-opens=java.base/java.io=ALL-UNNAMED
10-Feb-2026 23:51:15.886 INFO [main] org.apache.catalina.startup.VersionLoggerListener.log Command line argument: --add-opens=java.base/java.util=ALL-UNNAMED
10-Feb-2026 23:51:15.886 INFO [main] org.apache.catalina.startup.VersionLoggerListener.log Command line argument: --add-opens=java.base/java.util.concurrent=ALL-UNNAMED
10-Feb-2026 23:51:15.886 INFO [main] org.apache.catalina.startup.VersionLoggerListener.log Command line argument: --add-opens=java.rmi/sun.rmi.transport=ALL-UNNAMED
10-Feb-2026 23:51:15.886 INFO [main] org.apache.catalina.startup.VersionLoggerListener.log Command line argument: -Djava.util.logging.config.file=/Applications/tomcat/conf/logging.properties
10-Feb-2026 23:51:15.886 INFO [main] org.apache.catalina.startup.VersionLoggerListener.log Command line argument: -Djava.util.logging.manager=org.apache.juli.ClassLoaderLogManager
10-Feb-2026 23:51:15.886 INFO [main] org.apache.catalina.startup.VersionLoggerListener.log Command line argument: -Djdk.tls.ephemeralDHKeySize=2048
10-Feb-2026 23:51:15.886 INFO [main] org.apache.catalina.startup.VersionLoggerListener.log Command line argument: -Djava.protocol.handler.pkgs=org.apache.catalina.webresources
10-Feb-2026 23:51:15.886 INFO [main] org.apache.catalina.startup.VersionLoggerListener.log Command line argument: -Dsun.io.useCanonCaches=false
10-Feb-2026 23:51:15.886 INFO [main] org.apache.catalina.startup.VersionLoggerListener.log Command line argument: -Dorg.apache.catalina.security.SecurityListener.UMASK=0027
10-Feb-2026 23:51:15.886 INFO [main] org.apache.catalina.startup.VersionLoggerListener.log Command line argument: -Dignore.endorsed.dirs=
10-Feb-2026 23:51:15.886 INFO [main] org.apache.catalina.startup.VersionLoggerListener.log Command line argument: -Dcatalina.base=/Applications/tomcat
10-Feb-2026 23:51:15.886 INFO [main] org.apache.catalina.startup.VersionLoggerListener.log Command line argument: -Dcatalina.home=/Applications/tomcat
10-Feb-2026 23:51:15.886 INFO [main] org.apache.catalina.startup.VersionLoggerListener.log Command line argument: -Djava.io.tmpdir=/Applications/tomcat/temp
10-Feb-2026 23:51:15.890 INFO [main] org.apache.catalina.core.AprLifecycleListener.lifecycleEvent The Apache Tomcat Native library which allows using OpenSSL was not found on the java.library.path: [/Users/jessemendoza/Library/Java/Extensions:/Library/Java/Extensions:/Network/Library/Java/Extensions:/System/Library/Java/Extensions:/usr/lib/java:.]
10-Feb-2026 23:51:15.992 INFO [main] org.apache.coyote.AbstractProtocol.init Initializing ProtocolHandler ["http-nio-8080"]
10-Feb-2026 23:51:16.001 INFO [main] org.apache.catalina.startup.Catalina.load Server initialization in [175] milliseconds
10-Feb-2026 23:51:16.011 INFO [main] org.apache.catalina.core.StandardService.startInternal Starting service [Catalina]
10-Feb-2026 23:51:16.012 INFO [main] org.apache.catalina.core.StandardEngine.startInternal Starting Servlet engine: [Apache Tomcat/9.0.115]
10-Feb-2026 23:51:16.013 INFO [main] org.apache.catalina.startup.HostConfig.deployDirectory Deploying web application directory [/Applications/tomcat/webapps/docs]
10-Feb-2026 23:51:16.168 INFO [main] org.apache.jasper.servlet.TldScanner.scanJars At least one JAR was scanned for TLDs yet contained no TLDs. Enable debug logging for this logger for a complete list of JARs that were scanned but no TLDs were found in them. Skipping unneeded JARs during scanning can improve startup time and JSP compilation time.
10-Feb-2026 23:51:16.178 INFO [main] org.apache.catalina.startup.HostConfig.deployDirectory Deployment of web application directory [/Applications/tomcat/webapps/docs] has finished in [165] ms
10-Feb-2026 23:51:16.178 INFO [main] org.apache.catalina.startup.HostConfig.deployDirectory Deploying web application directory [/Applications/tomcat/webapps/manager]
10-Feb-2026 23:51:16.234 INFO [main] org.apache.jasper.servlet.TldScanner.scanJars At least one JAR was scanned for TLDs yet contained no TLDs. Enable debug logging for this logger for a complete list of JARs that were scanned but no TLDs were found in them. Skipping unneeded JARs during scanning can improve startup time and JSP compilation time.
10-Feb-2026 23:51:16.236 INFO [main] org.apache.catalina.startup.HostConfig.deployDirectory Deployment of web application directory [/Applications/tomcat/webapps/manager] has finished in [58] ms
10-Feb-2026 23:51:16.236 INFO [main] org.apache.catalina.startup.HostConfig.deployDirectory Deploying web application directory [/Applications/tomcat/webapps/examples]
10-Feb-2026 23:51:16.331 INFO [main] org.apache.jasper.servlet.TldScanner.scanJars At least one JAR was scanned for TLDs yet contained no TLDs. Enable debug logging for this logger for a complete list of JARs that were scanned but no TLDs were found in them. Skipping unneeded JARs during scanning can improve startup time and JSP compilation time.
10-Feb-2026 23:51:16.336 INFO [main] org.apache.catalina.startup.HostConfig.deployDirectory Deployment of web application directory [/Applications/tomcat/webapps/examples] has finished in [100] ms
10-Feb-2026 23:51:16.336 INFO [main] org.apache.catalina.startup.HostConfig.deployDirectory Deploying web application directory [/Applications/tomcat/webapps/ROOT]
10-Feb-2026 23:51:16.383 INFO [main] org.apache.jasper.servlet.TldScanner.scanJars At least one JAR was scanned for TLDs yet contained no TLDs. Enable debug logging for this logger for a complete list of JARs that were scanned but no TLDs were found in them. Skipping unneeded JARs during scanning can improve startup time and JSP compilation time.
10-Feb-2026 23:51:16.386 INFO [main] org.apache.catalina.startup.HostConfig.deployDirectory Deployment of web application directory [/Applications/tomcat/webapps/ROOT] has finished in [50] ms
10-Feb-2026 23:51:16.387 INFO [main] org.apache.catalina.startup.HostConfig.deployDirectory Deploying web application directory [/Applications/tomcat/webapps/host-manager]
10-Feb-2026 23:51:16.433 INFO [main] org.apache.jasper.servlet.TldScanner.scanJars At least one JAR was scanned for TLDs yet contained no TLDs. Enable debug logging for this logger for a complete list of JARs that were scanned but no TLDs were found in them. Skipping unneeded JARs during scanning can improve startup time and JSP compilation time.
10-Feb-2026 23:51:16.434 INFO [main] org.apache.catalina.startup.HostConfig.deployDirectory Deployment of web application directory [/Applications/tomcat/webapps/host-manager] has finished in [47] ms
10-Feb-2026 23:51:16.435 INFO [main] org.apache.coyote.AbstractProtocol.start Starting ProtocolHandler ["http-nio-8080"]
10-Feb-2026 23:51:16.438 INFO [main] org.apache.catalina.startup.Catalina.start Server startup in [436] milliseconds
Loading class `com.mysql.jdbc.Driver'. This is deprecated. The new driver class is `com.mysql.cj.jdbc.Driver'. The driver is automatically registered via the SPI and manual loading of the driver class is generally unnecessary.
12-Feb-2026 13:11:43.145 INFO [main] org.apache.catalina.core.StandardServer.await A valid shutdown command was received via the shutdown port. Stopping the Server instance.
12-Feb-2026 13:11:43.149 INFO [main] org.apache.coyote.AbstractProtocol.pause Pausing ProtocolHandler ["http-nio-8080"]
12-Feb-2026 13:11:43.154 INFO [main] org.apache.catalina.core.StandardService.stopInternal Stopping service [Catalina]
12-Feb-2026 13:11:43.181 INFO [main] org.apache.coyote.AbstractProtocol.stop Stopping ProtocolHandler ["http-nio-8080"]
12-Feb-2026 13:11:43.190 INFO [main] org.apache.coyote.AbstractProtocol.destroy Destroying ProtocolHandler ["http-nio-8080"]
